screen_name,date,text,retweet_count,favourites_count
Orietta's Recipes,2020-01-17 18:09:56,Stasera cena a base di pesce! Tonno alla piastra con salsa di soia e menta ğŸ˜‹ ğŸ˜‹. Veloce sano e gustoso. La ricetta â¬‡ï¸ https://t.co/RMDtXeq6tP #food #FridayMotivation #FelizViernes #weekend #17gennaio https://t.co/Hn2G3WWAPD,15,49
Orietta's Recipes,2020-01-17 11:57:39,"Buon pranzo, io oggi pranzo leggero con il mio  cous cous alle verdure speziato ğŸ˜ğŸ˜˜. ğŸ·. Buon appetito #FridayMotivation #FelizViernes #food #foodie #venerdi17 #17gennaio https://t.co/bRXUw8oE4L",23,67
Orietta's Recipes,2020-01-17 07:51:15,Buongiorno e grazie ancora a tutti per gli auguri!!! ğŸ˜ ğŸ˜ ğŸ˜ğŸ˜˜ğŸ˜â¤ï¸Oggi colazione salata con i miei Panini al latte! Voi dolce o salata quale scegliete? https://t.co/xgC8CPCg4e #food #FelizViernes #venerdi17 #foodie https://t.co/5QUuXECpBm,16,85
Orietta's Recipes,2020-01-16 17:28:59,Biscotti delicati di sabbia ğŸ˜‹ â¤ï¸ğŸ˜˜ğŸ¥‚ğŸ¥‚ğŸ¾.! https://t.co/nIEx5mslxr,25,166
Orietta's Recipes,2020-01-16 13:51:03,Oggi Ã¨ il mio compleanno ğŸ‚ ğŸ¥‚ â¤ï¸ amici! Vorrei ringraziarvi tutti â˜ºï¸ di persone e ricevere un  bacio da tutti ğŸ˜˜. Ãˆ bello condividere questo  giorno speciale per me Ringrazio Dio per la vita che mi ha donato. Grazie per il vostro affetto ğŸ˜˜ #16gennaio https://t.co/n13Krz5b9d,45,482
Orietta's Recipes,2020-01-16 11:46:01,Io oggi riso integrale con crema di piselli ğŸ˜‹ ğŸ‘©ğŸ»â€ğŸ³. Buon pranzo â¤ï¸https://t.co/XAP543CRMF #16gennaio #ThursdayMotivation #FelizJueves #foodie #food https://t.co/PcY7l6EuBQ,14,68
Orietta's Recipes,2020-01-16 07:36:10,Oggi ho proprio voglia di qualcosa di buono dolce e coccoloso ğŸ’•ğŸ˜˜ğŸ’•. Le mie eclaire alla panna ricoperte di cioccolato e granella di pistacchi saranno perfette per iniziare la giornata ğŸ˜https://t.co/GydPKUmeup #ThursdayMotivation #FelizJueves #foodie #16gennaio #yummy https://t.co/Yp5EjMgSPL,26,117
Orietta's Recipes,2020-01-15 18:24:25,"Buona cena amici, io stasera polpette di halibut con composta di mele e zenzero, ğŸ˜ğŸ·ğŸ·ğŸ˜Šhttps://t.co/vFaA3Zrh03 #WednesdayMotivation #FelizMiercoles #food #yummy #15gennaio https://t.co/XsK9gyswIY",25,104
Orietta's Recipes,2020-01-15 11:39:56,Oggi ho proprio voglia di un piatto di trofie al ragÃ¹ di mare e melanzane ğŸ·ğŸ·ğŸ˜‹ğŸ˜‹. Voi no? Buon pranzo ğŸ· https://t.co/ylRzZEhop7 #WednesdayMotivation #FelizMiercoles #food #cucina #yummy #15gennaio https://t.co/WrpDGkBuLQ,17,62
Orietta's Recipes,2020-01-15 07:38:50,Buongiorno! ğŸ˜ğŸ˜˜ oggi condivido con voi la mia ğŸ˜€Nuova ricetta ğŸ˜Š Sono dei biscotti alle nocciole e gocce di cioccolato a cui non  resisterete ğŸ˜ğŸ˜ â˜• https://t.co/tG6IYwV7cw #15gennaio #yummy #delicious #Food #WednesdayMotivation #FelizMiercoles https://t.co/UdXAl69h0L,48,171
Orietta's Recipes,2020-01-14 17:59:22,"Stasera per cena, involtini di cavolo cinese con maiale e gamberi ğŸ·. Felice serata ğŸ’• https://t.co/XSC4oNiRvL #14gennaio #FelizMartes #ThursdayMotivation #food https://t.co/oaFRBhXwiq",21,102
Orietta's Recipes,2020-01-14 11:52:32,"Oggi pasta con zucchine e primo sale, semplice, gustosa da provare ğŸ˜œ ğŸ˜ğŸ·.. Buon pranzo ğŸ˜€ğŸ˜€https://t.co/DnJ0trezCN #14gennaio #food #TuesdayMotivation #FelizMartes https://t.co/xAVE58BhQ0",19,74
Orietta's Recipes,2020-01-14 07:53:59,Buongiorno amici ğŸ¤—ğŸ˜˜ğŸ¤—ğŸ˜˜â¤ï¸Chi vuole per colazione una fetta della mia torta con sciroppo al limone e cocco? https://t.co/2KhfCbgL9l #TuesdayMotivation #FelizMartes #foodie #food #14gennaio https://t.co/gON9Ih93x9,21,127
Orietta's Recipes,2020-01-13 18:15:28,Stasera come contorno mini carote speziate al forno ğŸ˜‹ ğŸ˜‹ ğŸ·. Buona cena #Food #13GENNAIO #FelizLunes #MondayMotivation https://t.co/tk4kCmhJxE,12,59
Orietta's Recipes,2020-01-13 11:43:54,Spaghetti con polpo e 'nduja ğŸ˜‹ ğŸ˜‹ se non li avete ancora assaggiati dovete assolutamente farlo ğŸ˜. Buon pranzo ğŸ· https://t.co/Fch600pZoQ #MondayMotivation #13GENNAIO #FelizLunes #Foodie  #food https://t.co/FwjIWSH8AN,27,102
Orietta's Recipes,2020-01-13 07:54:36,"Buon inizio settimana a tutti voi,â˜ºï¸ oggi per colazione una fetta di Pan di Spagna con crema di aomikan (mandarini verdi) un caffÃ¨ â˜•ğŸ¥°ğŸ¥° e si riparte con il sorriso ğŸ˜ŠğŸ˜ https://t.co/ZlgwuFNac6 #MondayMotivation #FelizLunes #Food #BuongiornoATutti https://t.co/fU4UIODchA",27,106
Orietta's Recipes,2020-01-12 18:10:18,La mia cena informale â˜ºï¸ con pane semi integrale appena sfornato ğŸ˜Š ğŸ˜Š ğŸ·ğŸ·https://t.co/sP4kZ3h80v #12gennaio #food #SundayMotivation #FelizDomingo https://t.co/wJ8vWilyTS,15,78
Orietta's Recipes,2020-01-12 11:38:09,"Buon pranzo domenicale amici â˜ºï¸, spero siate in ottima compagnia â˜ºï¸, oggi lasagne zucca speck e fontina ğŸ˜‹ ğŸ·ğŸ·https://t.co/w9Kmep6GtQ #BuonaDomenica #SundayMotivation #12gennaio #BuongiornoATutti https://t.co/beUcwIT8c6",15,94
Orietta's Recipes,2020-01-12 08:07:22,Buongiorno e buona domenica ğŸ’•Sto preparando le crepesğŸ˜˜ğŸ˜˜â˜•â˜•  le mie figlie  e mie marito  le adorano con il cioccolato spalmabile da come avrete intuito dall'intrusione ğŸ˜€ğŸ˜. Io con marmellata ğŸ˜https://t.co/l11UDzQwsN #SundayThoughts #SundayMotivation #SundayMorning https://t.co/FJsOJpMKhv,20,111
Orietta's Recipes,2020-01-11 18:53:19,Buona  Pizza a tutti â˜ºï¸ â˜ºï¸ ğŸ˜€ ğŸ•ğŸ» ğŸ• ğŸ• #SaturdayMotivation #FelizSabado #food #pizza #11gennaio https://t.co/LHsF2Or8eh,30,179
Orietta's Recipes,2020-01-11 11:30:51,Oggi penne all'arrabbiata! ğŸ˜‹ ğŸ·. Con un primo cosÃ¬ io sono felice â˜º ğŸ’• ğŸ’•. Buon pranzo ğŸ· https://t.co/oZlp5CQnQt #SaturdayMotivation #FelizSabado #food #foodie #11gennaio https://t.co/KnRFFzSAjD,24,116
Orietta's Recipes,2020-01-11 07:57:43,"Ben svegliati ğŸ’•! Stamattina la mia  colazione prevede ğŸ˜šğŸ˜‹ biscotti alle mandorle farciti ğŸ’•â˜•. E la vostra? 
https://t.co/bDzRSUKhSn #SaturdayMotivation #FelizSabado #food #11gennaio https://t.co/PFqehEBDug",17,83
Orietta's Recipes,2020-01-10 17:55:43,Non sapete cosa preparare per cena? Vi do un'idea! Tagliata di tacchino con avocado ğŸ·â˜ºï¸ https://t.co/M5j92eNmK7 #FridayMotivation #FelizViernes #food #10gennaio https://t.co/ITU1v9gAne,14,78
Orietta's Recipes,2020-01-10 14:05:22,Esco a fare due passi e mi rilasso un po' â˜•â˜• ğŸ˜˜ğŸ’•. Buon pomeriggio ğŸ˜˜ #10gennaio #FridayMotivation #FelizViernes #weekend https://t.co/0phQv57kwQ,13,125
Orietta's Recipes,2020-01-10 11:28:53,"Oggi rigatoni con trota salmonata, bottarga di muggine e pomodori pachino ğŸ·ğŸ·. Buon pranzo ğŸ’–ğŸ·ğŸ˜˜ https://t.co/PgKlxWhBLV  #food #10gennaio #FridayMotivation #FelizViernes https://t.co/UQMuQxNCGn",19,60
Orietta's Recipes,2020-01-10 07:03:27,Buongiorno! Oggi iniziamo la   giornata ğŸ’• con una fetta della mia torta della nonna. â˜•https://t.co/9vvFwfgv6K #10gennaio #food #FridayMotivation #FelizViernes #weekend https://t.co/eXcsxR2eFI,41,152
Orietta's Recipes,2020-01-09 18:18:16,Stasera per cena propongo ğŸ˜‹ SoufflÃ© di carote e patate con ricotta ğŸ·ğŸ·. https://t.co/NRYlGYT9Hu #9gennaio #vegetarian #ThursdayMotivation #FelizJueves #Food https://t.co/szOjTLspq7,18,83
La Cucina Italiana,2020-01-17 23:31:06,Chi ha voglia di una pallina di gelato? Non si mangia solo d'estate ğŸ˜œ  https://t.co/dGzOLpxpHI,3,5
La Cucina Italiana,2020-01-17 22:31:28,Domani facciamo questa ricetta! #legumi https://t.co/99DbiLg7vE,0,2
La Cucina Italiana,2020-01-17 22:08:56,La #cicerchia: la sua produzione era sull'orlo dell'estinzione. Ma poi qualcuno Ã¨ venuto in soccorso di questi #legumi https://t.co/0J7U5gn1wx,0,8
La Cucina Italiana,2020-01-17 21:43:15,"Non a tutti piace, Ã¨ comprensibile, ma provate a farlo con questa ricetta e vi ricrederete!
#fegato #cena   https://t.co/YSFv1epub8",2,6
La Cucina Italiana,2020-01-17 21:22:24,"Certo che lo spate, ma... ğŸ¤“ #legumi https://t.co/KKOtMKEV29",4,8
La Cucina Italiana,2020-01-17 20:59:02,"La gramigna, il bacon, i #ceci: e tanta fame! ğŸ˜‚ğŸ˜‹ #legumi  https://t.co/QxVqPfN0LF",1,5
La Cucina Italiana,2020-01-17 20:37:20,"Ãˆ ancora presto per i #lupini, ma visto che oggi parliamo di #legumi...  https://t.co/VnZ4GXzid5",3,22
La Cucina Italiana,2020-01-17 20:12:17,Per una calda cena invernale! Pensateci per domani! #legumi  ğŸ˜˜ https://t.co/XzxyDGTogn,2,9
La Cucina Italiana,2020-01-17 19:42:43,Un classico che non passa mai di moda! #legumi  ğŸ˜‹ https://t.co/eZA8r8tNhP,3,22
La Cucina Italiana,2020-01-17 19:19:42,Pasta + Ceci + Verza = BONTÃ€ ğŸ˜ğŸ˜‹ğŸ˜ #LEGUMI https://t.co/1Tyj3pYeSL,4,31
La Cucina Italiana,2020-01-17 18:54:24,Milano: ecco un ristorante che abbiamo assaggiato per voi!  https://t.co/oZWxgzKqZe,1,3
La Cucina Italiana,2020-01-17 18:32:52,Abbinamenti fantastici! ğŸ˜‹ #pizza #vino #PizzaDay  https://t.co/FZjqB4bubL,2,9
La Cucina Italiana,2020-01-17 18:11:47,#Polpette di #ceci speziate con brunoise di verdure e salsa al pomodoro agrodolce. SLURP #legumi ğŸ˜‹ https://t.co/VywbMAu1ra,1,13
La Cucina Italiana,2020-01-17 17:51:11,"Tante idee per cena, ma anche per il pranzo di domani; per la schiscetta da portare al lavoro... #legumi  ğŸ˜ https://t.co/BhWM5uVTqY",1,4
La Cucina Italiana,2020-01-17 17:31:07,Provatela e non vi pentirete! ğŸ˜€ https://t.co/U2ZxG1mcCw,0,15
La Cucina Italiana,2020-01-17 17:12:51,La bellezza e la bontÃ ! #legumi https://t.co/StW5tFjDgq,0,1
La Cucina Italiana,2020-01-17 16:55:04,"Pe' scalda' la panza, ce vole 'na minestra de sostanza! ğŸ˜‚ğŸ˜‹ (proverbio di La Cucina Italiana) #legumi https://t.co/bOnNuUqQCV",2,7
La Cucina Italiana,2020-01-17 16:39:12,Una #pizza semplice dafare stasera per festeggiare il #PizzaDay ğŸ˜ https://t.co/07njdboGXm,2,18
La Cucina Italiana,2020-01-17 16:24:00,Stiamo giÃ  pensando alla cena ğŸ˜‹ https://t.co/K6npgCd8yY,1,14
La Cucina Italiana,2020-01-17 16:12:00,"#Crespelle dolci, buone, buonissime!  https://t.co/74HCnr2Ryc",0,8
La Cucina Italiana,2020-01-17 15:52:30,Sposiamoli nel modo migliore!  https://t.co/QYlWBcpTCQ,2,10
La Cucina Italiana,2020-01-17 15:32:42,#Cannabis: piatti stupefacenti! ğŸ˜œ https://t.co/zDNwriRhTs,0,2
La Cucina Italiana,2020-01-17 15:12:10,#Legumi: ricette gustose e segreti da scoprire â¬‡ https://t.co/CKTainytsP,0,8
La Cucina Italiana,2020-01-17 14:51:45,"Guardate la nostra ricetta illustrata passo passo â¬‡ 
#stoccafisso  #gratin https://t.co/hnc8hNbpp8",0,6
La Cucina Italiana,2020-01-17 14:30:51,Dalla Calabria un piatto della tradizione che fa sognare! #legumi  ğŸ˜‹ https://t.co/oxQAHMNFMs,1,7
La Cucina Italiana,2020-01-17 14:07:52,Questa torta salata sembra un dipinto #legumi ğŸ˜‹ https://t.co/RJ3uMDUHli,0,3
La Cucina Italiana,2020-01-17 13:47:27,Una ricetta diversa per stupire a tavola! #legumi   https://t.co/Ce06gtWs4F,0,9
La Cucina Italiana,2020-01-17 13:28:13,I sapori della stagione fredda in questa insalata meravigliosa #legumi  ğŸ˜œ https://t.co/JknedhA5cv,0,4
La Cucina Italiana,2020-01-17 13:07:29,"Grande classico dell'inverno! 
#fagioli  #legumi  #crema  #maltagliati  https://t.co/pIiRjnbWNn",0,12
La Cucina Italiana,2020-01-17 12:46:30,I #legumi nella pasta. Ma proprio NELLA pasta! https://t.co/gzF2T51qXY,0,5
La Cucina Italiana,2020-01-17 12:25:50,#PizzaDay: tre nostre ricette speciali riprese da https://t.co/9TwSWJWvDL  #VogueItalia,0,3
La Cucina Italiana,2020-01-17 12:12:11,"Toglietevi anche qualche sfizio salato ğŸ˜‹
#involtini #antipasti  https://t.co/SE2NHpDAiq",1,7
La Cucina Italiana,2020-01-17 11:46:26,#GiornataMondialeDellaPizza: ecco le migliori pizzeria d'Europa https://t.co/Ts1D3D0Lml,0,5
La Cucina Italiana,2020-01-17 11:25:18,"Per quanto amiamo i pizzoccheri, non sono l'unica alternativa per preparare una pasta senza glutine  https://t.co/fplWAPL6df #senzaglutine #granosaraceno",4,14
La Cucina Italiana,2020-01-17 11:00:16,Oggi Ã¨ la giornata mondiale della #pizza e noi vi offriamo questa ricetta ğŸ˜‹ https://t.co/D3C0WoJB93,0,7
La Cucina Italiana,2020-01-17 10:40:37,Provati per voi! ğŸ˜‹ #Bastianich  https://t.co/4XIgpSKHg9,0,2
La Cucina Italiana,2020-01-17 10:36:16,"Nulla Ã¨ lasciato al caso, con un po' di ricerca nascono piatti equilibrati!   
#pasta  #linguine  #pranzo  https://t.co/sa4vj1aBaz",2,21
La Cucina Italiana,2020-01-17 10:13:06,Buonissime #lenticchie: non le mangerete mica solo a San Silvestro? #legumi  ğŸ˜‹ https://t.co/Xzvdr2pCs3,0,8
La Cucina Italiana,2020-01-17 09:47:01,Li avrete sicuramente mangiati al ristorante giapponese. Ma scopriamo come farli a casa nostra! #Edamame  https://t.co/ZnKGkrfbpB,5,15
La Cucina Italiana,2020-01-17 09:17:23,"Per il #weekend Ã¨ previsto un accentuarsi del #freddo. Se i piatti a tavola sono questi, evviva! #legumi #pasta #zuppe #minestre   ğŸ˜‹ https://t.co/JZnINjHuyp",3,15
La Cucina Italiana,2020-01-17 08:53:36,Un'insalatona per sfamarci a pranzo? #legumi  https://t.co/nyHaAsRm2l,0,6
La Cucina Italiana,2020-01-17 08:28:49,ğŸ•ğŸ•ğŸ• Oggi Ã¨ il #PizzaDay ğŸ•ğŸ•ğŸ• https://t.co/YXbHDQT8CT,4,9
La Cucina Italiana,2020-01-17 08:07:27,Avete mai provato ad affumicare in #salmone? Guardate qui ğŸ‘‡ https://t.co/Tl8bAWWlee,1,7
La Cucina Italiana,2020-01-17 07:39:42,"ğŸ¥• #Carote appetitose in tutte le forme! ğŸ¥•
#crocchette  https://t.co/CwKJAb78WS",2,7
La Cucina Italiana,2020-01-17 07:03:57,Buone idee per questa giornata ğŸ˜ https://t.co/e9qrshROgs,3,12
La Cucina Italiana,2020-01-17 06:31:10,"Con una buona spremuta d'arancia, un caffÃ¨ o un tÃ¨ caldo la #colazione diventa strepitosa ğŸ˜‹
#biscotti #venerdÃ¬17  https://t.co/somGozdhcE",4,16
La Cucina Italiana,2020-01-17 06:05:37,"Oggi dedichiamo il nostro speciale del #venerdÃ¬ ai #legumi! Iniziamo dai #ceci, ottima alternativa alla #carne!  https://t.co/BPvRbs6M5o",5,33
La Cucina Italiana,2020-01-17 05:23:18,Stasera a cena ci starebbero benissimo! #legumi  ğŸ˜ https://t.co/mciYt8O0KO,2,19
La Cucina Italiana,2020-01-17 05:00:38,"Mettiamoli in ordine: oggi Ã¨ #venerdÃ¬17 di un #AnnoBisestile, il venerdÃ¬ che precede il weekend che ci condurrÃ  al #BlueMonday! Volete anche una martellata su un piede? ğŸ™„... Ah: BUONGIORNO eh! ğŸ˜‚ğŸ¤£ https://t.co/o0q1xBWqoa",0,2
La Cucina Italiana,2020-01-17 04:03:29,I fagiolini per una insalata speciale ğŸ˜ #legumi https://t.co/sHlVZ7Md3W,1,9
La Cucina Italiana,2020-01-16 23:31:00,Uno tira l'altro e fermarsi Ã¨ davvero un'impresa ardua ğŸ˜ https://t.co/rWPek0ouaq,0,11
La Cucina Italiana,2020-01-16 22:36:51,I nostri consigli #detox  ğŸ˜‰ https://t.co/pomJWwtl6J,3,5
La Cucina Italiana,2020-01-16 21:41:41,"Pronti a tuffare il cucchiaio in una calda, confortevole crema di #zucca? 
#inverno  #funghi  https://t.co/TcbaOsK2H4",3,15
La Cucina Italiana,2020-01-16 20:48:17,Pronti per una #dolce #domenica? #torte  https://t.co/zY0w92mlA2,3,24
La Cucina Italiana,2020-01-16 19:53:15,Rimettersi in forma https://t.co/ocjpmc1aP8,2,8
La Cucina Italiana,2020-01-16 18:56:55,Due ricette fantastiche in un sol colpo: #crocchette cosparse da gustosa salsa al #formaggio ğŸ˜ https://t.co/bgUReTf2vX,6,25
La Cucina Italiana,2020-01-16 18:05:13,Inusuale. Non siete curiosi? ğŸ˜ https://t.co/yq020GX4xU,2,3
La Cucina Italiana,2020-01-16 17:23:00,Portate in tavola qualcosa di inaspettato ğŸ˜ https://t.co/tlPRqoaPVk,6,14
La Cucina Italiana,2020-01-16 16:30:51,Un capolavoro! ğŸ˜ #sarde #palermo #sicilia  https://t.co/JoUGcghOAM,4,15
La Cucina Italiana,2020-01-16 16:15:50,L'ereditiera piÃ¹ famosa del mondo diventa chef. Guardate un po' come ha preparato la lasagna... ğŸ‘‡ #parishiltonlasagna #cookingwithparis https://t.co/LndpM6ZnjS,1,5
La Cucina Italiana,2020-01-16 16:00:47,Ãˆ l'ora del tÃ¨! E oggi sarÃ  cosÃ¬! #scones ğŸµ https://t.co/M3CMiUioed,3,16
La Cucina Italiana,2020-01-16 15:39:57,Che TORTA! ğŸ˜‹ #Sbrisolona https://t.co/h5id1R4YE9,1,11
La Cucina Italiana,2020-01-16 14:58:49,"Provatela subito, tempo di mettere insieme gli ingredienti ed Ã¨ pronta!  
#dolce  #merenda  #sfogliata  #crema  #frutta  https://t.co/4i2mGDQM2O",9,38
La Cucina Italiana,2020-01-16 14:36:35,"Che sciccheria! 
#pollo #tartufo #cena #inverno  https://t.co/QnkKbyyiOP",0,3
La Cucina Italiana,2020-01-16 14:09:40,Ãˆ arrivato il momento di specializzarsi sul #bulgur! ğŸ˜ https://t.co/OCANGdb7hN,0,4
La Cucina Italiana,2020-01-16 13:43:45,Ecco dove andare in questa seconda metÃ  di gennaio! ğŸ˜‰ #sagre #festival #food  https://t.co/unhOcVcvCT,1,7
La Cucina Italiana,2020-01-16 12:56:41,I nostri consigli per cucinare il #polpo alla perfezione!  https://t.co/dqCwPV7btw,3,13
La Cucina Italiana,2020-01-16 12:13:51,Non sono difficili da fare. E danno grandi soddisfazioni ğŸ˜ #Waffle #gaufre https://t.co/K8mT6lBoxS,1,11
La Cucina Italiana,2020-01-16 11:50:20,Usiamola tutta ğŸŠ#arance  https://t.co/u0TXNH1ZZZ,3,14
La Cucina Italiana,2020-01-16 10:58:33,"Se siete di fretta non temete, vi proponiamo questa ricetta ğŸ˜œ
#pasta #penne  https://t.co/9wfiKduRQE",7,19
La Cucina Italiana,2020-01-16 10:27:14,Sperimentiamo?  https://t.co/B9M0cJGoZr,0,10
La Cucina Italiana,2020-01-16 09:49:52,E voi come li fate? #spaghetti  #vongole  https://t.co/MNe6iYimyn,7,21
La Cucina Italiana,2020-01-16 08:58:42,"Il pranzo Ã¨ servito, buon appetito a tutti ğŸ˜‹ 
#ravioli  #pastafresca  #pastaripiena  https://t.co/LaqcJnKdCc",1,14
La Cucina Italiana,2020-01-16 08:36:13,I segreti per una lievitazione perfetta ğŸ˜‰ https://t.co/v1IbKaFfZk,4,34
La Cucina Italiana,2020-01-16 07:57:40,"Con l'#uovo amiamo divertirci, sbizzarritevi anche voi!  https://t.co/N4dIdbGwtd",0,8
La Cucina Italiana,2020-01-16 07:27:06,"Un #dessert da favola! ğŸ˜‹
#crostata #mele #arancia #16gennaio  https://t.co/0ZcxjGXe7Y",4,24
La Cucina Italiana,2020-01-16 07:03:59,Una ricetta buonissima con la mozzarella di bufala! https://t.co/rG4MGPwe18,7,26
La Cucina Italiana,2020-01-16 05:00:19,"Ottime per la merenda, ma perchÃ© a colazione no? #Madeleines ğŸ˜ https://t.co/MY18jBxGd2",4,18
La Cucina Italiana,2020-01-15 23:30:13,Un vortice di dolcezza pronto ad esplodere in bocca ğŸ˜‹ https://t.co/DXsCfXhtGZ,1,17
La Cucina Italiana,2020-01-15 22:40:38,Guardate il video ğŸ‘‡ https://t.co/1Uz54ymgg0,1,10
La Cucina Italiana,2020-01-15 21:47:11,E dire che era considerato un alimento povero!  ğŸ˜ https://t.co/ZyzKaSIdlb,5,13
La Cucina Italiana,2020-01-15 20:54:50,Il #POTASSIO e dove trovarlo ğŸ˜‰ https://t.co/hw6zOGTn4X,4,13
La Cucina Italiana,2020-01-15 20:26:42,Conoscete l'origine del suo nome? https://t.co/g6I85rido2,2,5
La Cucina Italiana,2020-01-15 19:52:51,Ne conoscete le proprietÃ ? ğŸ¤” https://t.co/nqwWu9rvp9,2,7
La Cucina Italiana,2020-01-15 19:10:53,"Una ricetta che dice: ""mangiami"" ğŸ˜‹ https://t.co/YFVeGCd1Qv",1,5
La Cucina Italiana,2020-01-15 18:14:42,"Farne scorta oggi, per averne anche domani! ğŸ˜Š https://t.co/YiEKUHJAyo",0,8
La Cucina Italiana,2020-01-15 17:46:16,"Una ricetta che parla di casa, di ingredienti semplici e genuini ğŸ˜ 
#scaloppine  #marsala  #arancia  #agrumi  https://t.co/OsSO3gmSmE",5,17
La Cucina Italiana,2020-01-15 17:15:39,Ottima anche per accompagnare i formaggi. ğŸ˜‹ https://t.co/DV6vHEPZ86,4,14
La Cucina Italiana,2020-01-15 16:49:59,"Il buongiorno, si vede dal french toast! Domattina ci svegliamo cosÃ¬? ğŸ˜ğŸ˜ https://t.co/qzwKVJKcsP",4,32
La Cucina Italiana,2020-01-15 16:25:23,Che abbinamento abbiamo azzardato oggi? Scopritelo nella ricetta qui sotto â¬‡ #passatelli  #inverno  #cena  https://t.co/yu3AUYxjZ5,0,5
La Cucina Italiana,2020-01-15 16:03:35,"Dunque, dunque... ğŸ˜„ https://t.co/Y0nwSuCVuh",0,5
La Cucina Italiana,2020-01-15 15:34:49,#Vegetariani... ma non troppo! #flexitariani  https://t.co/o4aw8LCcFp,0,3
La Cucina Italiana,2020-01-15 15:11:40,Scontro fra la candela di #GwynethPaltrow e quelle baresi! ğŸ˜‚ğŸ¤£ https://t.co/kZ5wA4ahOl,3,6
La Cucina Italiana,2020-01-15 15:09:10,Avreste mai pensato di fare un #dolce con i #fagioli?  https://t.co/dYERnK3Tc0,2,16
La Cucina Italiana,2020-01-15 14:43:58,Di che cosa parliamo quando parliamo di peso forma? ğŸ˜… ğŸ¤” https://t.co/o6hiDb7SjK,0,2
La Cucina Italiana,2020-01-15 13:49:11,Quale avete scelto di fare?  https://t.co/NknBKlO5ES,2,20
La Cucina Italiana,2020-01-15 13:21:35,Il #pesce in inverno Ã¨ FAVOLOSO! ğŸŸ https://t.co/8zyUTrJ4UU,0,4
La Cucina Italiana,2020-01-15 12:49:37,Diamo nuova forma ai nostri #ravioli!  https://t.co/xpekBfv1uj,2,3
La Cucina Italiana,2020-01-15 12:19:28,Oggi si va di #triglie? ğŸ˜ https://t.co/wG4xzYOEOv,1,4
La Cucina Italiana,2020-01-15 11:56:11,Consigli per la vostra saluteâ¬‡ https://t.co/RqDdni9Apl,3,4
La Cucina Italiana,2020-01-15 11:20:20,"Se stasera a #cena non sapete cosa fare, salvatevi con le #patate! ğŸ˜‰ https://t.co/zYKvwu7C6T",0,4
La Cucina Italiana,2020-01-15 10:56:15,La #FRITTATA!  https://t.co/USZIHk7fMu,6,30
La Cucina Italiana,2020-01-15 10:13:39,Con un pizzico di creativitÃ ! ğŸ˜‰ https://t.co/FcqB4faDXv,1,15
La Cucina Italiana,2020-01-15 09:44:35,"#Risotto ai #funghi sÃ¬, ma con un tocco in piÃ¹! https://t.co/acbu9PWmB7",2,11
La Cucina Italiana,2020-01-15 08:41:26,Nuove idee sulla tavola #chips ğŸ˜‰ https://t.co/TomsSTPafE,2,12
La Cucina Italiana,2020-01-15 08:07:00,"Avete giÃ  un certo languorino? 
#pizza #pizztta #spuntino  https://t.co/X6AE9WniiJ",1,6
La Cucina Italiana,2020-01-15 07:07:25,La sfoglia caramellata per un dessert strepitoso! ğŸ‚ Facciamola insieme! https://t.co/DoczggelSH,7,26
La Cucina Italiana,2020-01-15 06:22:53,"Dalla Turchia, piovono #polpette (gustosissime!)  https://t.co/gVGngkNlt7",5,10
La Cucina Italiana,2020-01-15 05:47:30,"Semplice e veloce non ci basta, ci abbiamo messo anche l'effetto sorpresa ğŸ˜ #ciambella #colazione #15gennaio  https://t.co/wLQreC5Zw5",3,10
La Cucina Italiana,2020-01-15 05:01:02,Quando la #minestra Ã¨ PERFETTA! ğŸ˜ https://t.co/riRc3QnCJS,2,18
La Cucina Italiana,2020-01-14 23:30:55,Ogni tanto uno strappo alla regola si puÃ² fare...  https://t.co/16zj6gUZLd,6,31
La Cucina Italiana,2020-01-14 22:30:16,LE 10 COSE CHE DOVETE SAPERE! ğŸ˜‰ #pasta  https://t.co/RtotnyLF4H,2,19
La Cucina Italiana,2020-01-14 21:38:23,"Divertitevi a preparare questo piatto meraviglioso ğŸ˜‹
#uovo #carote  https://t.co/LTWDdn5TFO",4,12
La Cucina Italiana,2020-01-14 21:04:45,#Svezzamento: i nostri consigli. ğŸ‘¶ https://t.co/vSiBiCXKEg,1,6
La Cucina Italiana,2020-01-14 20:33:14,CuriositÃ ... utili! ğŸ˜‰ https://t.co/OeyliGB8DM,1,1
La Cucina Italiana,2020-01-14 20:04:30,STARE BENE INIZIANDO DALLA TAVOLA! ğŸ˜ https://t.co/Pt7myS035g,0,2
La Cucina Italiana,2020-01-14 19:26:30,Conoscete questa ricetta giapponese? Ecco come fare i #dorayaki ğŸ˜Š https://t.co/n1DUVoL240,2,13
La Cucina Italiana,2020-01-14 18:57:02,"La #cena prende una gustosa piega!  
#maiale  #bistecche  https://t.co/t6psluADrg",0,4
La Cucina Italiana,2020-01-14 18:33:06,Con soli tre ingredienti! ğŸ‘¯ #nachos  https://t.co/DyQH42ncAj,1,11
La Cucina Italiana,2020-01-14 18:10:51,"Diversa e da assaggiare, prima di lasciare commenti! #CacioEPepe  ğŸ˜š ğŸ˜¬ https://t.co/FvQI9suPT3",1,12
La Cucina Italiana,2020-01-14 17:46:51,Per gli amici #veg! #raguvegano #ragÃ¹  ğŸ¤— https://t.co/27LeOMJhhQ,3,21
La Cucina Italiana,2020-01-14 17:19:29,Il #bollito? CosÃ¬!  https://t.co/2Q4o1ViEfq,0,2
La Cucina Italiana,2020-01-14 16:53:36,E allora? #Mostaccioli ğŸ¤” https://t.co/lUAsIIkAoz,3,12
La Cucina Italiana,2020-01-14 16:27:59,Mai provato a farlo in casa? ğŸ˜ https://t.co/H9iUzSBrXg,2,3
La Cucina Italiana,2020-01-14 16:02:57,Avete mai pensato di usarlo per i dolci? #farro ğŸ˜‰ https://t.co/mqGm2N6bsq,0,1
La Cucina Italiana,2020-01-14 15:38:48,Ãˆ davvero tempo di #carciofi!  https://t.co/unIyQXC9h6,4,13
La Cucina Italiana,2020-01-14 15:16:02,"Una mela, tanti modi per usarla in cucina! ğŸ˜‹ @ScuolaLCI https://t.co/808gM3NYp2",1,3
La Cucina Italiana,2020-01-14 14:51:29,"Le #verdure le facciamo cosÃ¬, oggi. Ok?ğŸ˜ https://t.co/fTxLZXIOrK",1,1
La Cucina Italiana,2020-01-14 14:28:17,"Se la #zuppa vi fa tristezza Ã¨ perchÃ© non avete mai assaggiato questa!  
#inverno  #gennaio  #cena  https://t.co/1IiGULbFWK",0,5
La Cucina Italiana,2020-01-14 14:03:52,"Per tutti i golosi online, una ricetta deliziosa!
#millefoglie   https://t.co/EIfbO7GDvz",3,17
La Cucina Italiana,2020-01-14 13:20:05,Ãˆ l'ora delle ricette con le barbabietole! Salute e bontÃ  e divertimento a tavola ğŸ˜‹ https://t.co/olG08zxoDy,3,14
La Cucina Italiana,2020-01-14 12:50:29,"E chi gli resiste... 
#pappardelle  #zucca  #pasticcio  https://t.co/JOg4UU7LM9",0,9
La Cucina Italiana,2020-01-14 12:22:45,Quelle buone idee che solo vi sappiamo dare! #noodles ğŸ˜ https://t.co/E07OLgsQq2,0,7
La Cucina Italiana,2020-01-14 11:58:40,Con il grano saraceno per fare una pasta diversa ğŸ˜‹ https://t.co/9baaXCQ8WK,3,26
La Cucina Italiana,2020-01-14 11:30:39,"Che ne dite di un caldo #minestrone, oggi? #ricette  https://t.co/IOZ85PzPGP",4,10
La Cucina Italiana,2020-01-14 11:08:44,"Milioni di animali selvatici sono rimasti uccisi dagli incendi in Australia. Ecco le misure del National Parks and Wildlife Service per aiutare gli animali sopravvissuti, a rischio per la fame e la sete.  https://t.co/hNUDE4NA48",2,8
La Cucina Italiana,2020-01-14 10:50:47,"Morbidi, filanti, #gnocchi ai #formaggi ğŸ˜ https://t.co/5l1j4YkaSo",1,8
La Cucina Italiana,2020-01-14 10:05:07,"Anche quando si prepara il #risotto Ã¨ giusto osare, ma con eleganza ğŸ˜
#arancia #anatra #ragÃ¹  https://t.co/wPqcb2KCwA",2,18
La Cucina Italiana,2020-01-14 09:36:39,Cerchiamo di non impazzire! #maionese ğŸ˜‚ğŸ¤” https://t.co/r27y33Yizk,1,4
La Cucina Italiana,2020-01-14 09:15:46,Non Ã¨ un buon periodo per la #salute. Aiutiamoci a tavola con i cibi giusti! #influenza ğŸ˜ https://t.co/b6WzuSTCJf,1,12
La Cucina Italiana,2020-01-14 08:52:09,"I nostri consigli! ğŸ˜
 https://t.co/0Rn69GX4KM",1,0
La Cucina Italiana,2020-01-14 08:28:55,Uno spunto di riflessione e uno spuntino di pesce ğŸ˜‰ https://t.co/bhBaYwmOFs,0,0
La Cucina Italiana,2020-01-14 08:02:19,Mai mangiata questa bontÃ  marchigiana? Ecco la ricetta! #RegioneMarche #minestra #minestraimperiale #minestracolorata  ğŸ˜‹ https://t.co/jMxF7jx5D5,3,8
La Cucina Italiana,2020-01-14 07:07:06,Facciamo i #biscotti! CosÃ¬ Ã¨ davvero facile facile! https://t.co/MEd8xPoOA9,2,12
La Cucina Italiana,2020-01-14 06:05:41,Una croccante base al #pistacchio accoglie un dolce disco di gelatina al #mandarino e freschi ciuffetti di #ricotta ğŸ˜ #14gennaio #tortini #dolci #colazione #breakfast  https://t.co/OWixChNtU2,3,16
La Cucina Italiana,2020-01-14 05:29:06,"Per cominciare la giornata ci vuole tanta, ma tanta energia ğŸ’ª 
#14gennaio  #barretta  #colazione  https://t.co/clOWCA5xwk",0,5
La Cucina Italiana,2020-01-14 05:00:36,"Nel weekend fatene in abbondanza, cosÃ¬ ve li ritrovate anche per la colazione dei primi giorni della settimana! #colazione #duffin #14gennaio   ğŸ˜ƒğŸ˜ https://t.co/WDMMWwOz9S",5,20
La Cucina Italiana,2020-01-13 23:30:50,Un tartufino tira l'altro... https://t.co/aShGuMakar,2,20
La Cucina Italiana,2020-01-13 22:59:41,Precisi come orologi svizzeri!  https://t.co/Bdt0Y2FMUx,1,11
La Cucina Italiana,2020-01-13 22:04:23,Lo #zinco Ã¨ fondamentale per il corretto funzionamento del nostro corpo. ecco dove trovarlo ğŸ˜‰ https://t.co/MWg70YOqgR,2,11
La Cucina Italiana,2020-01-13 21:16:09,"Fa bene alle ossa, questo lo sapete. Ma poi? #calcio  https://t.co/vR1zriHeJs",3,12
La Cucina Italiana,2020-01-13 20:38:52,"Fanno ridere, ma sono buonissimi â¬‡â¬‡â¬‡ https://t.co/tFpeAzGgS2",0,3
La Cucina Italiana,2020-01-13 20:05:08,La ricchezza Ã¨ nella mescolanza ğŸ’– https://t.co/sOq9xgvp7P,11,37
La Cucina Italiana,2020-01-13 19:43:13,"Il cuoco del re in tempo di guerra si industriava a ideare per le lettrici de La Cucina Italiana, piattini risparmiosi ma saporiti e ben presentati, ecco come abbiamo rimodernizzato una delle sue ricette. https://t.co/MIYhUpeGvf",7,20
La Cucina Italiana,2020-01-13 18:49:44,Basta poco per rendere un semplice #carpaccio in un gran piatto!  https://t.co/ksUXVTBzmP,1,4
La Cucina Italiana,2020-01-13 18:25:26,Proverbio romano: Â«La cicoria der papa Ã¨ medicinaÂ». ğŸ¤” https://t.co/ToQa9hRnAm,2,6
La Cucina Italiana,2020-01-13 17:49:48,Voglia di #carciofi! ğŸ˜ https://t.co/WTuzQwcSxR,1,5
La Cucina Italiana,2020-01-13 17:25:43,"Le cose fatte a mano, le cose fatte in casa. Le cose: BUONE! #cavatelli  ğŸ˜‹ https://t.co/eBrDJDqal4",1,7
La Cucina Italiana,2020-01-13 16:42:10,Sogno di una cena di mezzo inverno ğŸ¤£ğŸ˜ https://t.co/442dMxD99j,0,4
La Cucina Italiana,2020-01-13 16:02:44,Chi se li ricorda? ğŸ˜€ https://t.co/R9nox2HIX7,0,5
La Cucina Italiana,2020-01-13 15:17:16,"Noi sappiamo come coccolarci d'#inverno. Che ne dite questa sera #vellutata? 
#porri #gennaio  https://t.co/rLncpv8h8T",3,8
La Cucina Italiana,2020-01-13 14:35:37,Queste dritte ve le diamo solo noi di La Cucina Italiana. ğŸ˜‰ https://t.co/v4yZjOnfCZ,3,11
La Cucina Italiana,2020-01-13 14:15:29,In caso di tosse e mal di gola... ğŸ˜ª #miele  https://t.co/zOUdkWpgmg,3,11
La Cucina Italiana,2020-01-13 13:49:42,Un #dolce da scoprire ad ogni affondo di cucchiaino!  https://t.co/NN1RkirByv,2,12
La Cucina Italiana,2020-01-13 13:05:54,E a #gennaio che #pesci pigliamo? ğŸ¤”ğŸ˜‚ https://t.co/UceNsr8Z8c,1,2
La Cucina Italiana,2020-01-13 12:30:46,"In #Toscana lo fanno cosÃ¬! #tiramisÃ¹ 
 https://t.co/QuE17XXRDc",2,14
La Cucina Italiana,2020-01-13 11:28:16,"Non ci stufiamo mai di preparare la #pasta fresca, perchÃ© ci piace troppo mangiarla! 
#tagliatelle #porcini #ragÃ¹  https://t.co/iAVrHoQ2O5",2,6
La Cucina Italiana,2020-01-13 10:56:34,"Appena sfornata, chi vuole favorire?
#parmigiana #cardi   https://t.co/oWaDeLzOTO",1,5
La Cucina Italiana,2020-01-13 10:18:06,"Curiosi di sapere come li abbiamo preparati?  
#gnocchi  #patate  https://t.co/qVHIhplbIO",1,10
La Cucina Italiana,2020-01-13 09:34:49,"Come ""trattare"" la #cipolla e tante ricette da fare subito! ğŸ˜‰ https://t.co/ONmJYwhYWD",1,9
La Cucina Italiana,2020-01-13 08:58:58,"Â«Sei sempre in mezzo, come il prezzemolo!Â». Ma il #prezzemolo fa bene!  https://t.co/XDP3itmbwh",1,2
La Cucina Italiana,2020-01-13 08:33:43,Ancora con il palloncino nella pancia? #benessere #gonfiore #dieta  ğŸ˜• https://t.co/jwN8dqHeVx,0,1
La Cucina Italiana,2020-01-13 08:02:04,"Anche se c'Ã¨ l'alta pressione, le temperature sono fredde. Specie al Nord, avvolto dalla nebbia. E allora una zuppa calda ci sta tutta! ğŸ˜ https://t.co/aTCj1TtwPO",7,27
La Cucina Italiana,2020-01-13 07:35:17,"Un #buongiorno croccante ğŸ˜‹
#13gennaio #biscotti #cioccolato  https://t.co/0X6mJgAwUZ",1,5
La Cucina Italiana,2020-01-13 07:02:50,"Iniziamo la settimana facendo scorta di vitamina C, con un piatto fresco e appetitoso, che potete anche portarvi in ufficio!  
#insalata  #salad  #arancia  #agrumi  #vitaminaC  https://t.co/LMQkbhR73a",3,10
La Cucina Italiana,2020-01-13 06:33:16,Promessa della settimana: stavolta la facciamo davvero! ğŸ˜ https://t.co/P4kKb9qHAx,0,19
La Cucina Italiana,2020-01-13 05:01:09,Ãˆ lunedÃ¬: vogliamoci bene! ğŸ’“ #13gennaio2020  https://t.co/eD35ZHBkMG,0,4
La Cucina Italiana,2020-01-12 23:30:19,Dolci tentazioni ğŸ˜ https://t.co/Nisa7raGzb,2,20
La Cucina Italiana,2020-01-12 22:31:28,Buonanotte ğŸ˜´ https://t.co/U1Gh5dEtxt,2,13
La Cucina Italiana,2020-01-12 21:34:18,Come si fa a resisterle?  https://t.co/FzNsU9n9Is,9,36
La Cucina Italiana,2020-01-12 20:34:02,"Esterno croccante e cuore filante... Li conosciamo tutti benissimo, ma chi di voi ha mai provato a prepararlo a casa? ğŸ¤¤ #cordobleu https://t.co/qvbKqKqCnm",2,10
La Cucina Italiana,2020-01-12 19:45:26,Non Ã¨ proprio voglia di spaghetti... Ã¨ voglia di noodles! https://t.co/sdE5bdt8KW #noodles,0,5
La Cucina Italiana,2020-01-12 19:11:26,Il nostro amore incondizionato per le #cipolle si esprime in questo piatto meraviglioso! #zuppa   https://t.co/MBl2ereYoe,3,19
La Cucina Italiana,2020-01-12 18:11:15,"Ci piace gustare ogni piatto prima con la vista e poi col gusto! 
#sgombro #purÃ¨ #arancia #carote  https://t.co/SC512FuT1q",0,2
La Cucina Italiana,2020-01-12 17:13:33,Quali ingredienti vanno nella minestra perfetta? ğŸ¤” https://t.co/BX5C6Pc2Ex https://t.co/tQApwPZxkL,4,19
La Cucina Italiana,2020-01-12 16:14:52,"Sperimentare Ã¨ la nostra missione!  
#cheesecake  #cavolfiore  https://t.co/AEjy8Y2mPm",1,4
La Cucina Italiana,2020-01-12 15:25:01,Questa volta non dovete aspettare di ordinare il dessert al ristorante. Il gelato lo friggiamo a casa!  https://t.co/aZ0AKyVHGc #gelatofritto,2,13
La Cucina Italiana,2020-01-12 14:30:38,"Maionese senza uova? SÃ¬, di pesce. https://t.co/Aq9bunyNFb https://t.co/8n5xudmoIq",1,4
La Cucina Italiana,2020-01-12 13:33:51,"Morbida, ricca, amata, #pizza! ğŸ˜‹ https://t.co/gtEuZN035J",5,24
La Cucina Italiana,2020-01-12 13:08:04,Dalle bucce di patate e mele alle scorze di agrumi. Dopo aver letto qui non le butterete mai piÃ¹ via ğŸ‘‡ https://t.co/H4mE9nNxgs,12,20
La Cucina Italiana,2020-01-12 12:08:13,"#Corzetti, la particolare #pasta della #Liguria ğŸ˜‹ https://t.co/9dcTRLHk0P",4,7
La Cucina Italiana,2020-01-12 11:20:02,Vi state chiedendo come affumicare il salmone in casa e come utilizzarlo in gustose ricette (tipo queste fantastiche crÃªpes)? Guardate qui ğŸ‘‡ https://t.co/v1ZN2eAYXD https://t.co/VFTYnK4oR1,2,9
La Cucina Italiana,2020-01-12 10:42:51,ğŸ˜ˆğŸ˜ˆğŸ˜ˆ https://t.co/UOv0QGDrvh #pastafresca #ricette https://t.co/Vd4wHJd8YM,0,0
La Cucina Italiana,2020-01-12 10:00:19,"Senza zucchero sÃ¬, ma con tanta dolcezza! https://t.co/kVQyLxYFpJ https://t.co/PcTnxrgYtt",1,8
La Cucina Italiana,2020-01-12 09:30:46,Buona #domenica a tutti! Noi siamo pronti con la portata principale e voi cosa cucinate? https://t.co/UWjHc1q7la,2,9
La Cucina Italiana,2020-01-12 08:50:44,"Dolci o salate, ecco 5 idee per colorare le vostre ricette ğŸ˜ https://t.co/Je2FEz59uy https://t.co/8aV93nmtOe",4,11
La Cucina Italiana,2020-01-12 08:27:34,Il #risotto della #domenica non Ã¨ mai stato piÃ¹ azzeccato!  https://t.co/zarN7w7H81,1,10
La Cucina Italiana,2020-01-12 07:28:09,"I #dolcetti che son piÃ¹ buoni se vengono imperfetti! ğŸ˜œ
#biscotti #bruttimabuoni #domenica #12gennaio   https://t.co/lNfxzGYlrH",7,24
La Cucina Italiana,2020-01-12 06:56:26,Per gli antichi greci si trattava di un vero e proprio elisir di lunga vita. E forse non avevano tutti i torti... https://t.co/0r74vWC2Bz,5,16
La Cucina Italiana,2020-01-12 06:02:21,"E se la #polenta oggi la servissimo cosÃ¬? 
#domenica  #12gennaio  #taragna  https://t.co/e3r5I5IleM",4,14
La Cucina Italiana,2020-01-12 05:01:31,Ma dove sono nati i mostaccioli?? https://t.co/muGYusVrjY,1,6
La Cucina Italiana,2020-01-11 23:30:52,"La ricetta che dovete fare questo weekend!  
#tortasalata  #zucca  #patate  #cipolla  https://t.co/5y4E7nMRsh",5,17
La Cucina Italiana,2020-01-11 22:24:30,"Ovviamente, da accompagnare a speck, burro o formaggi ğŸ˜‹ https://t.co/bQ4Oks64vs",5,15
La Cucina Italiana,2020-01-11 21:29:56,"A #cena niente sbattimenti, solo sbatti #uova per una bella #frittata ğŸ˜œ https://t.co/r8mMXypcNz",4,7
La Cucina Italiana,2020-01-11 20:28:50,Chi vuole andare a cena qui? ğŸ˜² https://t.co/au083dR7od https://t.co/tlQxRSVXO0,0,0
La Cucina Italiana,2020-01-11 20:01:24,Questi ingredienti sono OBBLIGATORI per combattere influenza e cattivi umori di gennaioâ—â—â— https://t.co/Yhkro5YG8n https://t.co/BK6EYQuH6A,0,3
La Cucina Italiana,2020-01-11 19:10:16,"Ricette consigliate, tecnica e precauzioni ğŸ”¥ğŸ”¥ğŸ”¥ğŸ”¥ğŸ”¥ğŸ”¥ğŸ”¥ https://t.co/0ZnaUDuzr0",2,8
La Cucina Italiana,2020-01-11 18:40:42,E scusa se Ã¨ poco... ğŸ˜‹ https://t.co/dkOAhTJOGT,0,7
La Cucina Italiana,2020-01-11 17:35:50,Fare lo chef non Ã¨ sempre cosÃ¬ bello come si immagina... #chef  https://t.co/h3zowaK7Ng,1,7
La Cucina Italiana,2020-01-11 16:35:13,"Ci sono tanti modi per mettere in tavola il colore dell'anno, dagli ingredienti alla mise en place. Guardate qui â¬‡ https://t.co/M0IueEpbm0 #classicblue #pantone2020 #2020",4,11
La Cucina Italiana,2020-01-11 15:51:26,"Guardate cosa abbiamo preparato con la pasta #bignÃ¨ ğŸ˜ 
#parisbrest #dolce  https://t.co/5bHNEO1u2V",0,4
La Cucina Italiana,2020-01-11 14:49:21,Dovete proprio assaggiare questi 5 abbinamenti! https://t.co/gg4sMSnsR6 https://t.co/8YDSV2WvWK,0,7
Jeanette M,2020-01-17 21:15:02,"Roast Shallot-Crusted Chicken Thighs make an easy one dish meal from the oven.  All the crunch of fried chicken, with none of the mess!  https://t.co/KzJHpYVsBv https://t.co/LB5Aj77aeW",20,39
Jeanette M,2020-01-17 19:15:02,This delicious German Chocolate Cake Recipe from @OldFashRecipes is a tasty weekend treat the whole family will thank you for! https://t.co/ha4Qden8IP via @Darie_OConnor https://t.co/xVyeZK3QZL,4,9
Jeanette M,2020-01-17 17:15:06,These Scrumptious Tex-Mex Black Bean Burgers ğŸ” are a delicious treat thatâ€™s perfect for casual weekend entertaining.  So easy to make &amp; equally tasty on the stove or the #braai https://t.co/P6QLLGwNSd #vegan https://t.co/zueDC8nZwh,12,16
Jeanette M,2020-01-17 15:15:15,"This pretty, spicy Fresh Ginger Root Cake from @proportionalplt would make a divine weekend treat! https://t.co/C4r4lfYtAT via @SplendidFood https://t.co/P8FEsFhmJB",8,21
Jeanette M,2020-01-17 14:33:12,Yum!! https://t.co/x64L4YO96o,6,15
Jeanette M,2020-01-17 14:26:33,Sounds like so much fun! https://t.co/wVPB4RGG3m,15,44
Jeanette M,2020-01-17 14:15:02,"The weekend is here!  Itâ€™s the perfect time to whip up a quick batch of Decadently Delicious Homemade Guacamole.  Use it as a dip, a topping for tacos ğŸŒ®, or a spread for sandwiches ğŸ¥ª https://t.co/j3oFq9nuuR #vegan https://t.co/26kYuefhi3",4,6
Jeanette M,2020-01-17 13:14:02,This easy Egg Biryani Recipe from @myFoodWorks would make a delicious way to end the week on a festive note https://t.co/CuEMtLBYnV https://t.co/dzc4h4GOmf,8,23
Jeanette M,2020-01-17 11:58:14,Shiitake Mushroom and Cabbage Lo Mein https://t.co/yoec3Pa29Q on @bloglovin,0,1
Jeanette M,2020-01-17 11:55:02,"These easy peasy Blueberry Chia Breakfast Pudding are sweetened with dates for a quick, naughty feeling breakfast thatâ€™s actually good for you https://t.co/xFwXDPVdEL #Vegan https://t.co/mqtVNnScVi",5,9
Jeanette M,2020-01-17 11:48:32,"Over-indulged during the holidays?  Try this light Shiitake Mushroom &amp; Cabbage Lo Mein.  Uses #vegan stir fry strips for a healthy, hearty version of this Chinese take out treat.  Best of all?  Itâ€™s on the table in just 40 minutes! https://t.co/5CmeZANRtU #Veganuary #plantbased https://t.co/a1NawzwuZv",25,42
Jeanette M,2020-01-17 11:33:06,Shiitake Mushroom and Cabbage LoÂ Mein https://t.co/ANOioffrDT https://t.co/5lyAOEk62c,2,5
Jeanette M,2020-01-17 10:01:01,"Sicilian Chicken Tortellini Soup from @ADashofSanity makes an easy, hearty, delicious Friday supper! https://t.co/ROO7zAKD1J via @thanimajohn96 https://t.co/X4N6Ykxs2C",5,10
Jeanette M,2020-01-17 08:02:02,"The #airfryer makes perfectly golden toasted nuts in mere minutes.  Try these deliciously Easy, Homemade, Air Fryer Masala Nuts.  The perfect last-minute nibble for sundowners https://t.co/7KbKi1afMS #vegetarian https://t.co/ne9J2Nb54D",0,2
Jeanette M,2020-01-17 07:23:02,"Got that Friday feeling?  Nothing says â€œitâ€™s the weekendâ€ quite like a homemade Lasagna Bolognese.  Trust my friends @piattoapp to show you how to make it like an Italian!  While youâ€™re there, sign up for their English @YouTube channel ! https://t.co/GcFktaufBb https://t.co/fD7e7teH29",10,24
Jeanette M,2020-01-17 06:04:02,"I am love, love, loving this healthy recipe from @misspickledplum !  Thanks ğŸ™ğŸ¼ to @lamaletademaggi for sharing https://t.co/BhTjou4D0W",4,9
Jeanette M,2020-01-17 05:56:01,"A delicious, cozy soup!  Thanks to @JosheFoods_UK for sharing. https://t.co/lrY6BfIvXS",9,14
Jeanette M,2020-01-17 05:54:08,This looks soooo delicious! Thanks to @JosheFoods_USA for sharing! https://t.co/EaftfqKLp0,17,38
Jeanette M,2020-01-17 05:51:38,#FridayThoughts https://t.co/K4zLg8snZi,0,0
Jeanette M,2020-01-17 05:50:27,Thanks ğŸ™ğŸ¼ so much for your shares.  Wishing each of you a fantastic weekend!  @engelderliebe80 @dilciaacevedo2 @gumamelangmundo @therealgloria @ralphallen4 @maripos41387029 @kosssauce @rumkispoon @thetruthtriump1 @osvaldo_villar @loriemcdonald12 @idahnielsen @rolandos87,1,6
Jeanette M,2020-01-17 04:52:02,Looks absolutely scrumptious! https://t.co/kTddthpfuc,9,21
Jeanette M,2020-01-17 04:50:44,Donâ€™t these look tasty? Happy Friday folks! https://t.co/MsyWrexQIN,18,44
Jeanette M,2020-01-16 21:15:09,"Itâ€™s almost the weekend.  So, itâ€™s a great time to let my friend @DiscoDavid9 help you perfect a Classic Manhattan cocktail ! https://t.co/8JnPyOWIA2 https://t.co/vyRx24X7ns",3,11
Jeanette M,2020-01-16 19:15:02,"Stuffed with dried apricots and almonds, &amp; perfumed with rich Eastern spices, Creamy Baked Apples with Mughlai Flavors are an easy, prep-ahead treat that is sure to make any meal feel like a special occasion https://t.co/vPIbJftsLi #vegetarian https://t.co/XwpGgxDm2Z",12,24
Jeanette M,2020-01-16 17:15:04,"When it comes to bread ğŸ , homemade is always best.  You wonâ€™t want to miss this terrific recipe from @InsecureHW  https://t.co/xqH93Aeift https://t.co/9x1kANo2lc",6,18
Jeanette M,2020-01-16 15:15:02,Scrumptious Tex-Mex Black Bean Burgers ğŸ” make an easy weeknight supper that tastes like summer! Theyâ€™re easy to make &amp; packed with healthy ingredients.  A guilt free burger thatâ€™s prepared on the stove https://t.co/P6QLLGwNSd #vegan #plantbased https://t.co/CqaxekSWXn,10,13
Jeanette M,2020-01-16 14:15:03,"These scrumptious Tex-Mex Vegetarian Stuffed Peppers from @misspickledplum are going on my menu!  A healthy, nutritionally dense main thatâ€™s perfect for a healthier &amp; tastier January! https://t.co/0nHwG1Pe3C #vegetarian via @HealthyadviceUK https://t.co/OcKcUkT7fT",6,15
Jeanette M,2020-01-16 13:14:03,"These easy 4 ingredient Instant Potâ„¢ Stewed Apples make a quick, tasty, &amp; healthy dessert or lunchbox snack.  Sweetened with a mere 2 tablespoons of maple ğŸ syrup, itâ€™s a side you can feel good about https://t.co/kCDNwrZdH5 #vegan https://t.co/yhlp4zzjmd",10,15
Jeanette M,2020-01-16 11:55:02,Participating in #veganuary ?  You wonâ€™t want to miss this delectable Coconut Vegetable Curry from my friend @Living_Lou  https://t.co/LJGjNW6MkB #vegan https://t.co/heWl09Erqo,12,23
Jeanette M,2020-01-16 10:01:01,"With beautiful seasonal grapes in the market, itâ€™s the perfect time to try this unusual cold soup from MÃ¡laga.  Creamy White Gazpacho with toasted almonds and pimentÃ³n makes an easy, elegant cold starter https://t.co/J399jJL12c #vegetarian https://t.co/UQWrpuiX3M",15,23
Jeanette M,2020-01-16 08:02:02,This Chinese Style Curry with Juicy Meatballs from @KitchenSanc2ary just might be the ultimate comfort food!  A terrific way to wind down a busy back-to-school week! https://t.co/Ro7ATN5Zps via @M3Bites https://t.co/44fQxFZpVI,22,57
Jeanette M,2020-01-16 07:23:02,"Small Batch Raspberry Cointreau Jam makes a divine addition to your morning toast.  Best of all, this homemade jam needs no canning skills &amp; works with either fresh or frozen berries!https://t.co/ULb9Sy4Kxw #vegan #Veganuary https://t.co/IIKoL0nwrz",6,13
Jeanette M,2020-01-15 21:15:10,Lighten up your JalapeÃ±o Poppers &amp; make them quick and easy by preparing them in the air fryer! https://t.co/Htor94sNpz #airfryer https://t.co/RRRKZGUPrX,17,31
Jeanette M,2020-01-15 19:15:02,"Creamy Butternut Squash Risotto from @Living_Lou makes a delicious ,cozy addition to your midweek table https://t.co/m24t9zmInY via @CaptnKennysFr https://t.co/ongr04iWig",12,26
Jeanette M,2020-01-15 17:15:15,"Caribbean Oxtail Curry from the Instant Potâ„¢ is a hearty, stick-to-your-ribs meal that only gets better with time.  A perfect make-ahead main! https://t.co/rDZ7zbWVSd https://t.co/wqs7wfD24s",20,62
Jeanette M,2020-01-15 15:15:14,Old Fashioned Sour Cream Pound Cake From @OldFashRecipes is sure to keep your back-to-school crowd happy .  A tasty lunchbox treat! https://t.co/lPgsIx30Gq via @mugikikaku https://t.co/qNLsrOnuW3,11,29
Jeanette M,2020-01-15 14:15:08,"Over-indulged during the holidays?  These Scrumptious Tex-Mex Black Bean Burgers are just the ticket.  They feel naughty, but theyâ€™re oh-so good for you! https://t.co/P6QLLGwNSd #Vegan #Veganuary https://t.co/k36jQutor4",6,18
Jeanette M,2020-01-15 13:14:02,This Creamy Avocado Dip from @sophie19621 makes a deliciously nutritious nibble that would probably be delicious on your morning toast as well! https://t.co/jEvmQhbNJj #vegan #Veganuary https://t.co/rznOTjWCCv,5,12
Jeanette M,2020-01-15 11:55:02,"Guacamole is not only tasty, itâ€™s good for you too!  Try my easy peasy Homemade Guacamole.  Itâ€™s addictively delicious on toast, tacos ğŸŒ®, burritos, as a sandwich ğŸ¥ª spread, &amp; so much more.  Fresh &amp; delicious! https://t.co/j3oFq9nuuR #vegan #Veganuary #plantbased https://t.co/ohKkxHyWyW",12,35
Jeanette M,2020-01-15 10:01:02,"This luscious Invisible Cake with apples and pears from @nutrition_julie has more fruit than cake, making it a decadent treat you can feel good about! https://t.co/ee5azH6xzn https://t.co/SXIh13uK5P",7,17
Jeanette M,2020-01-15 08:29:52,This looks absolutely divine! https://t.co/L7zQ89evmL,0,3
Jeanette M,2020-01-15 08:02:02,"Looking for a vegetable nibble your kids will adore?  Try these Spicy Carrots with Harissa Yoghurt, from the brilliant South African ğŸ‡¿ğŸ‡¦ cookbook, Season's Bounty, Cooking with nature's abundance https://t.co/8YGn5QK4iu #vegetarian https://t.co/6fEI5PJIiZ",6,21
Jeanette M,2020-01-15 07:51:24,Oh yum! https://t.co/ZNmF2TKilF,17,47
Jeanette M,2020-01-15 07:23:02,"This rich, creamy #Vegan Cream of Mushroom Soup from @lovingitvegan just might be the perfect thing or a busy Wednesday night.  Serve it with a big green salad &amp; a loaf of crusty bread for a cozy #veganuary supper! https://t.co/nzdqxQSc8b via @nutrition_julie https://t.co/krLJVm8jd4",16,38
Jeanette M,2020-01-14 21:15:09,"Baked Shallot-Crusted Chicken Thighs with seasonal veggies makes a cozy, healthy one dish meal. This dish packs a real flavor punch with all the crunch of fried chicken â€” but none of the mess or the calories! https://t.co/KzJHpYVsBv https://t.co/bAIqFYZPN3",6,19
Jeanette M,2020-01-14 19:15:08,"Mushroom &amp; Bell Pepper Stir Fry from @FoodizShare makes an easy, #vegan addition to your weeknight meal rotation! https://t.co/EImAvvKVao https://t.co/MsYIzWGj4t",9,21
Jeanette M,2020-01-14 17:15:06,"Caramelised Ginger Chicken in the Instant Potâ„¢ is quick, easy, &amp; perfect for an easy, unctuous weeknight supper! https://t.co/CW2KSNME0I https://t.co/kiN51v3aQ8",19,38
The Indian Claypot,2020-01-20 23:52:03,"Whole Wheat, Banana and Walnut Bread!
https://t.co/o95qDRiJzm
#foodporn #foodie #food #yummy #delicious #tasty #HealthyEating #baking #breakfast #getinmybelly #eatclean #nomnom #recipes #recipe #RecipeOfTheDay #food #foodbloggers https://t.co/HXVMTYuKID",10,29
The Indian Claypot,2020-01-20 00:39:16,"Sweet Boondi - with step by step photos and a video!
https://t.co/w89tBnyxah
#foodporn #foodie #food #foodblogger #yummy #delicious #tasty #teatime #recipe #RecipeOfTheDay #getinmybelly #festival #indian #dessert #eatclean #nomnom https://t.co/JEvSAG4m1w",13,28
The Indian Claypot,2020-01-19 01:01:08,"I wanna share some tips to make Soft Chapati for beginners with step by step photos and a video. 
https://t.co/xPGWP4nnH2
#foodporn #foodie #healthy #food #lunch #dinner #breakfast #vegetarian #vegan #foodblogger #delicious #yummy #tasty #getinmybelly #cleaneating #eatclean https://t.co/lqIU7MNbOy",12,26
The Indian Claypot,2020-01-18 00:44:20,"Mixed Berry Muffins!
https://t.co/q2RzmBX0A2
#foodporn #foodie #delicious #getinmybelly #yummy #healthy #recipe #dessert #recipes #nomnom #breakfast #RecipeOfTheDay #nomnom #eatclean #food #baking #tasty https://t.co/fGdMmPlOHU",19,41
The Indian Claypot,2020-01-17 00:01:56,"Almond Carrot Kheer!
https://t.co/VAe6xtla4y
#foodporn #foodie #dessert #brainfood #healthy #delicious #vegetarian #recipes #yummy #nomnom #eatclean #getinmybelly #recipe #nomnom #RecipeOfTheDay #indian #homemade #cooking #foodlover #FoodForThought #food https://t.co/O8DqiG6igZ",16,25
The Indian Claypot,2020-01-15 00:04:33,"Ven Pongal is a traditional South Indian breakfast made with rice, yellow moong dal, black pepper, cumin and ghee
https://t.co/m6HjgLv4zr
#foodporn #foodie #healthy #breakfast #food #foodblogger #Recipes #foodlover #Pongal2020 #yummyÂ  #delicious #vegetarian #festival #comfortfood https://t.co/102CTUoZ6o",28,73
Cuisine Culinaire,2020-01-21 17:00:01,"GÃ¢teau au yaourt aux pommes extra moelleux. Simple et Ã©conomique.
#gateaux #yaourt #pommes #recette #gateaux #recettes #dessert #food #France #cuisine #faitmaison #desserts #cuisiner #gateau #blogger #foodie #recipe #foodporn #cuisinefrancaise #foodblogger
https://t.co/2NjdqHaF6R",22,48
Cuisine Culinaire,2020-01-21 15:00:01,"#SablÃ©s fondants Ã  la #confiture. Faciles, rapides.
#biscuits #gateaux #sablÃ©sconfiture #gateauxsecs #recette #recettes #faitmaison #noel #gateaunoel #biscuits #petitsgateaux #gouter #cuisine #goÃ»ter #cuisine #petitsfours #foodblogger #food #recipe
https://t.co/z2xATum9xD",21,68
Cuisine Culinaire,2020-01-21 13:00:00,"GÃ¢teaux fondants Ã  la confiture - Kroki
#biscuitsnoel #gateauxnoel #noel #gouter #goÃ»ter #cuisine #recette #faitmaison #biscuits #recettes #cuisiner #croquets #croquants #kroki #gateau #petitsfours
https://t.co/RGv5a4Vx9m",9,16
Cuisine Culinaire,2020-01-21 08:00:00,"Riz au lait caramel au beurre salÃ©. Ultra crÃ©meux.
#rizaulait #France #caramel #riz #dessert #recette #cuisine #desserts #gouter #recettes #cuisiner #faitmaison #foodie #food #foodporn #recipe #ideedessert #recipes
https://t.co/F57CN6IEtb",8,22
Cuisine Culinaire,2020-01-20 20:00:00,"#Flan coco, simple et dÃ©licieux.
#cuisine #noixdecoco #recettes #faitmaison #France #Antilles #gouter #antillais #flancoco #foodrecipes #recipes #foodie #foodporn #dessert #recette #desserts #foodie #food #flancoco #recipe #foodblogger #blogger #blogueur 
https://t.co/pW3hCJZxAu",11,30
Cuisine Culinaire,2020-01-20 17:00:00,"#Chorba frik traditionnelle. A base de #blÃ© vert concassÃ©.
#potage #recettealgerienne #frik #chorbafrik #soupe #soupes #recette #faitmaison #cuisine #recettes #cuisiner #recipe #recipes #foodblogger #foodie #food #foodporn #Algerie #cuisinealgerienne
https://t.co/JDhbvyG8pw",13,41
Cuisine Culinaire,2020-01-20 13:00:01,"#Tajine de #boulettes de #viande et #pommesdeterre. 
#Platrapide #viandehachee #recette #cuisine #cuisiner #recettes #food #foodporn #foodblogger #blogueur #pommesdeterre #Maroc #cuisinemarocaine #Morocco #foodblogger #recipe #recipes #kefta
https://t.co/xxJn1BivO8",5,15
Cuisine Culinaire,2020-01-20 11:00:00,"#Sauce aux #champignons, avec ou sans crÃ¨me.  
#faitmaison #saucechampignons #recette #sauces #recettes #cuisine #cuisiner #cuisinerapide #France #creme #cuisinefrancaise #Frenchcuisine #recipe #recipes #food #foodie #foodporn #foodblogger #blogeur
https://t.co/9IqW034Hgb",7,13
Cuisine Culinaire,2020-01-20 08:00:00,"#Bananabread (cake banane) amÃ©ricain.
#banane #cake #dessert #cakes #cuisine #recette #desserts #faitmaison #recette #recettes #foodrecipes#foodie #foodporn #gateau #gateaux #USA #foodbloggers #EtatsUnis #faitmaison #bananes #bananabread #foodblogger
https://t.co/BQOtepRu3g",4,6
Cuisine Culinaire,2020-01-19 20:00:00,"Soupe de courge butternut. 
#soupe #soupes #butternut #courge #faitmaison #courgebutternut #soupedecourge #soupebutternut #recette #recettes #soupe #recettesantÃ© #cuisinesantÃ© #recette #cuisine #recettes #foodblogger #veloutÃ© #potage #courges #food #foodie
https://t.co/DNO0Ufaidk",10,22
Cuisine Culinaire,2020-01-19 17:00:00,"GÃ¢teau au yaourt, trÃ¨s moelleux. Base et variantes.
#gateau #recette #gouter #recettes #gateaux #dessert #faitmaison #desserts #cuisine #foodporn #foodie #recipe #France #cuisiner #cuisinefrancaise #food #foodblogger #blogger #foodbloggers #gateauyaourt
https://t.co/uj3No23P8p",18,47
Cuisine Culinaire,2020-01-19 15:00:00,"#Gaufres croustillantes et moelleuses comme Ã  la #foire.
#gaufre #gouter #cuisine #recette #faitmaison #petitdejeuner #recettegaufres #cuisiner #recettes #food #foodie #foodporn #dessert #pateagaufres #desserts #Belgique #pateagaufre
https://t.co/q29fqQ0YlX",7,19
Cuisine Culinaire,2020-01-19 13:00:00,"PÃ¢tes aux crevettes sauce crÃ¨me Ã©pinards. Facile, rapide.
#crevettes #pates #epinards #platrapide #recetterapide #ideerepas #faitmaison #recette #recettes #cuisine #food #foodie #recipe #creme #patesauxcrevettes
https://t.co/Yjx8tQJcl1",12,41
Cuisine Culinaire,2020-01-19 11:00:00,"#Pancakes amÃ©ricains, #recette de base
#pancake #USA #faitmaison #recette #cuisiner #recettes #cuisine #gouter #foodie #food #foodblogger #foodporn #dessert #desserts #desserts #petitdejeuner #ETATSUNIS #cuisineamericaine
https://t.co/edwYIirWff",5,17
Cuisine Culinaire,2020-01-19 08:00:00,"#CrÃªpes inratables au #blender ou contenant hermÃ©tique. Meilleures proportions des ingrÃ©dients.
#dessert #desserts #France #cuisine  #cuisiner #recettes #recette #faitmaison #foodrecipes #recipes #foodie #foodporn #blog #pateacrepes #crepe #chandeleur
https://t.co/hVJHOcbpmu",17,46
Cuisine Culinaire,2020-01-18 20:00:00,"#Pancakes amÃ©ricains, #recette de base
#pancake #USA #faitmaison #recette #cuisiner #recettes #cuisine #gouter #foodie #food #foodblogger #foodporn #dessert #desserts #desserts #petitdejeuner #ETATSUNIS #cuisineamericaine
https://t.co/edwYIirWff",3,11
Cuisine Culinaire,2020-01-18 17:00:01,"La meilleure recette du #cakesalÃ©, recette de base et garnitures.
#cakesale #recette #cuisine #faitmaison #cakessalÃ©s #aperodinatoire #apero #aperitif #France #cuisinefrancaise #recettes #cuisiner #pique-nique #food #foodie #recipe
https://t.co/yGhIzHmqQ3",7,19
Cuisine Culinaire,2020-01-18 11:00:00,"#Salade de #pommesdeterre, #thon et #tomates. Simple et dÃ©licieuse.
#faitmaison #oeufs #tomates #aperodinatoire #recette #recettes #salade #salades #cuisine #entrÃ©es#recettesimple #recettessimples #food #foodie #recipe #foodblogger
https://t.co/Ud6zrrZHQb",2,7
Cuisine Culinaire,2020-01-18 08:00:00,"PÃ¢te Ã  crÃªpes : les meilleures proportions pour des #crÃªpes savoureuses.
#pateacrepes #dessert #desserts #France #cuisine  #cuisiner #recettes #recette #faitmaison #foodrecipes #recipes #foodie #foodporn #foodblogger #blogger #blog #pateacrepes #chandeleur
https://t.co/LgUBLY2I2k",5,12
Cuisine Culinaire,2020-01-17 20:00:01,"#fruitsdemer #cuisine #recette #foodblogger #cuisiner #faitmaison #foodporn #food #foodie #recipe #cuisinerapide #recetterapide #recettes #foodbloggers #platrapide #blog #platrapide #ideerepas
https://t.co/EfopFgp5OH",4,13
Cuisine Culinaire,2020-01-17 17:00:00,"#Tajine de #boulettesdeviande et #pommesdeterre. 
#Platrapide #viandehachee #recette #cuisine #cuisiner #recettes #food #foodie #foodporn #foodblogger #blogueur #viande #tagine #Maroc #cuisinemarocaine #Morocco #foodblogger #recipe #recipes #kefta
https://t.co/xxJn1BivO8",6,15
Cuisine Culinaire,2020-01-17 15:00:01,"#GÃ¢teau au #yaourt, #myrtilles et #amandes (en poudre + effilÃ©es). Hyper moelleux, facile. Myrtilles fraÃ®ches, congelÃ©es ou au sirop.
#recette #gateau #patisserie #gouter #gÃ¢teaux #recettes #cuisine #faitmaison #dessert #myrtilles #desserts #cuisiner
https://t.co/wPbbI9VwkD",3,9
Cuisine Culinaire,2020-01-17 13:00:01,"#GÃ¢teau au #yaourt #pommes et #amandes.
#gateauauyaourt #gateauauxpommes #gateauamande #gateaux #gouter #France #dessert #desserts #recette #cuisine #recettes #cuisiner #ideedessert #pomme #pomme #foodie #faitmaison #food #recipe #blogger #foodblogger
https://t.co/XyZ9iZWb1o",20,54
Cuisine Culinaire,2020-01-17 11:00:00,"#Crevettes sauce #crÃ¨me, fromage, #champignons.
#crevette #recipe #France #foodie #food #saucerapide #recetterapide #ideerepas #recette #cuisine #recettes #recettefacile #cuisinefacile #ideerecette #recettefacile #cuisinefacile #faitmaison #foodblogger
https://t.co/sAaaabVEzv",16,47
Cuisine Culinaire,2020-01-17 08:00:00,"#PoÃªlÃ©e de #lÃ©gumes - #pommedeterre #petitspois #carottes
#cuisinefrancaise #France #legumespoeles #recette #cuisine #recettes #food #foodie #foodporn #faitmaison #cuisiner #foodblogger #blogger #recipe #recipes #foodbloggers #ideerecette #blogueur
https://t.co/AKCoFLPhlD",11,20
Cuisine Culinaire,2020-01-16 20:00:01,"Pain dâ€™Ã©pices, hyper moelleux.
#Paindepices #cake #gateaux #gateau #France ##recette #recettes #cuisine #faitmaison
#food #foodporn #foodblogger #cuisiner #gouter #desserts #snack #petitdejeuner #cuisinefrancaise #cakes #gouters #collation #blog #epices
https://t.co/f3EhnH7fy3",11,31
Cuisine Culinaire,2020-01-16 17:00:01,"Sauce #bolognaise, facile. 
#bolognese #saucepourpates #faitmaison #recette #recipe #cuisineitalienne #Italie #saucebolognaise #cuisine #cuisiner #recettes #viandehachee #cuisinefacile #recettefacile #recettecuisine #foodie #foodporn #food #ideerecette
https://t.co/gD7ZDuRAlk",1,5
Cuisine Culinaire,2020-01-16 15:00:01,"#Blancsdepoulet #stroganoff et #pÃ¢tes. #recetterapide
#poulet #champignons #recette #recettes #cuisine #faitmaison #creme
#food #foodporn #foodblogger #cuisiner #Russie #recettefacile #cuisinefacile #cuisinerapide
https://t.co/h7fzn9QjDD",8,12
Cuisine Culinaire,2020-01-16 13:00:00,"#Courge #butternut rÃ´tie au four. Facile et trop bon!
#lÃ©gumes #cuisine #cuisiner #recette #recettes #faitmaison #foodie #food #foodblogger #blogger #foodporn #faitmaison #legumes #foodporn #healthy #santÃ© #cuisinesantÃ© #France #cuisinefranÃ§aise
https://t.co/9S6MP1D1dx",13,28
Cuisine Culinaire,2020-01-16 11:00:00,"#Poulet #tandoori maison au four.
#poulettandoori #cuisineindienne #Inde #recettes #cuisine #recettesdecuisine #recetteÃ©conomique #pouletaufour #recettepaschÃ¨re #idÃ©erepas #cuissesdepoulet #recette #recettedecuisine #idÃ©esrepas #faitmaison #foodbloggers
https://t.co/zP5xknzppz",4,10
Cuisine Culinaire,2020-01-16 08:00:00,"#RagoÃ»t de #boeuf aux #lÃ©gumes - #pommesdeterre, #carottes, #petitspois 
#ragouts #viande #France  #cuisine  #cuisiner #recettes #recette #faitmaison #foodrecipes #recipes #foodie #foodporn #foodblogger #blogger #blog #cuisinefrancaise #blogueur #bloggers
https://t.co/LuXBLai5OH",22,60
Cuisine Culinaire,2020-01-15 20:00:00,"#Pilons de #poulet au four. MarinÃ©s au yaourt, ail, citron, Ã©pices, herbes.
#pilonsdepoulet #marinade #citron #yaourt #recette #cuisine #recettes #food #foodie #foodporn #faitmaison #cuisiner #foodblogger #recipe #recipes #cuissesdepoulet #foodbloggers
https://t.co/qj1Xjid6Zv",6,17
Cuisine Culinaire,2020-01-15 17:00:01,"#Clafoutis aux #abricots.
Abricots secs, au sirop, congelÃ©s ou frais.
#clafouti #abricot #recette #cuisine #faitmaison #recettes #blogger #blogueur #foodporn #foodbloggers #dessert #fruits #clafouti #desserts #France #cuisinefranÃ§aise #gouter #collation
https://t.co/v04J4QcIJV",10,32
Cuisine Culinaire,2020-01-15 15:00:01,"#Soupe au #pistou traditionnelle
#potage #soupes #basilic #Provence #France #cuisine  #cuisiner #recettes #recette #faitmaison #foodrecipes #recipes #foodie #foodporn #soupeaupistou #pistou #potages #Provence #cuisineprovencale #foodblogger #blogger #blog
https://t.co/YljKEwImBr",4,12
Cuisine Culinaire,2020-01-15 13:00:00,"AumoniÃ¨res de #Crepes aux #pommes caramÃ©lisÃ©es, #cremeanglaise
#pommescaramelisees #pomme #dessert #desserts #France #cuisine #recettes #recette #faitmaison #foodrecipes #recipes #foodie #foodporn #foodblogger #blogger #blog #pateacrepes #crepe #chandeleur
https://t.co/75Cud7QsMX",10,27
Cuisine Culinaire,2020-01-15 11:00:00,"#PÃ¢tes aux #champignons sauce crÃ©meuse. #Plat rapide, trÃ¨s bon
#recette #recettes #cuisine #faitmaison #creme #tagliatelles 
#food #foodporn #foodblogger #cuisiner #France #cuisinefranÃ§aise #recettefacile #cuisinefacile #recetterapide #cuisinerapide
https://t.co/tdloQJ9TGX",5,15
Cuisine Culinaire,2020-01-15 08:00:00,"#Crepes aux #pommes caramÃ©lisÃ©es et #cremeanglaise
#pommescaramelisees #pomme #dessert #desserts #France #cuisine  #cuisiner #recettes #recette #faitmaison #foodrecipes #recipes #foodie #foodporn #foodblogger #blogger #blog #pateacrepes #crepe #chandeleur
https://t.co/b4QR1Y6SC0",14,44
Cuisine Culinaire,2020-01-14 20:00:00,"GÃ¢teau au yaourt aux pommes extra moelleux. Simple et Ã©conomique.
#gateaux #yaourt #pommes #recette #gateaux #recettes #dessert #food #France #cuisine #faitmaison #desserts #cuisiner #gateau #blogger #foodie #recipe #foodporn #cuisinefrancaise #foodblogger
https://t.co/2NjdqHaF6R",15,27
Cuisine Culinaire,2020-01-14 17:00:01,"GÃ¢teau au yaourt aux pommes extra moelleux. Simple et Ã©conomique.
#gateaux #yaourt #pommes #recette #gateaux #recettes #dessert #food #France #cuisine #faitmaison #desserts #cuisiner #gateau #blogger #foodie #recipe #foodporn #cuisinefrancaise #foodblogger
https://t.co/2NjdqHsfYp",16,39
Cuisine Culinaire,2020-01-14 15:00:00,"#SablÃ©s fondants Ã  la #confiture. Faciles, rapides.
#biscuits #gateaux #sablÃ©sconfiture #gateauxsecs #recette #recettes #faitmaison #noel #gateaunoel #biscuits #petitsgateaux #gouter #cuisine #goÃ»ter #cuisine #petitsfours #foodblogger #food #recipe
https://t.co/z2xATum9xD",4,11
Kitchen Sanctuary,2020-01-21 18:39:35,"My Charred Grapefruit and Ginger Fizz with Chilli Syrup Mocktail certainly has a kick! 
https://t.co/E8J405yVsk
#mocktail #DryJanuary2020 #grapefruit https://t.co/rgPmS0Etg1",27,44
Kitchen Sanctuary,2020-01-21 16:20:04,"Sticky tender boneless chicken thighs in a garlic, soy and honey sauce. Minimal ingredients, simple to prepare and ready in 20 minutes!
https://t.co/HKHnYzTeZK

#honeygarlicchicken #honeychicken #chinesechicken #chickenthighs #garlicchicken",67,165
Kitchen Sanctuary,2020-01-21 14:10:05,"When you need that cheesy creamy goodness of Mac and Cheese but want a little something extra, this version with chicken, bacon and tomato totally hits the spot! https://t.co/JwaSNvQmIW #macncheese #chicken #bacon https://t.co/YjNTaHJcIv",37,67
Kitchen Sanctuary,2020-01-21 10:50:03,"Stick-to-your-ribs comfort food for a cold, rainy day, this slow cooked Beef and Guinness Stew with Crispy Onions is perfect! https://t.co/harZ7WVj1c #slowcooked #comfortfood #stew #beef #recipe https://t.co/13H38xsfL2",54,134
Kitchen Sanctuary,2020-01-21 08:39:30,Wishing everyone a #TastyTuesday @rollidriver @paflyfly @VetterLibby @BSRobinsonLove @MrsBethGiger @OfPhilippa @FoodPictFood @ViviBioCucina @_capekitchen @okayamapc @jeremylottdiary @engelderliebe80 @9trIqkBXqoKmGBp @dwakendbakecafe  @chefIzzatOmar Thanks so much for Rts ğŸ’•,3,6
Kitchen Sanctuary,2020-01-21 08:33:09,Wishing everyone a #TastyTuesday @re_hungry @BeatCancer10 @DilciaAcevedo2 @RumkiSpoon @TheGlassPantry @nutrition_julie @Chris78699540 @EduardoSpectro1 @GastroScoop @natiptorres @ZZsheyn @M0Hamwi @CoolAnya84 @therealgloria @alwaysbsnapping Thanks so much for Rts ğŸ’•,4,10
Kitchen Sanctuary,2020-01-21 08:30:07,Wishing everyone a #TastyTuesday @CristinaParani1 @KCoooooking @sandra88368461 @AldinaKnight @evgreigauthor @pprabhu81 @sarah_aflleje @bestfoodinchile @SlurpeesNTots @RolandoS87 @czoco @lvictorfaulkner @BlackRoses_888 @heatherrose1814 Thanks so much for Rts ğŸ’•,3,10
Kitchen Sanctuary,2020-01-21 08:25:38,Wishing everyone a #TastyTuesday @Fuzz_and_Buzz @hippirose @TinyGiftHouse @Shine_A_Light67 @terrazasbp @BahiaTerrazas @huelchfr_hugo @FoodizShare @Josjosmar59 @wheelchiargran @FisheliciousUK @BlessingsByMe @lbrubens1 @pfretel78 @walid93731156 Thanks so much for Rts ğŸ’•,3,6
Kitchen Sanctuary,2020-01-21 08:22:49,Wishing everyone a #TastyTuesday @clarenorris20 @time4holidays @skeighley @pjames870 @ANationOfMoms @AMBADANAROBA @cbeauocalafl @belonio4 @purpleroses53 @SplendidFood @LorieMcDonald12 @rolandrod75 @planetmstudios @MariluzvieraC @TheRecipeCookb1 Thanks so much for Rts ğŸ’•,0,7
Kitchen Sanctuary,2020-01-21 08:18:55,Wishing everyone a #TastyTuesday @superfoods2019 @cjgsweet @vania_cotta @ElGanspo @twobigboysblog @ladybuttons1 @Esienne @myphillymedia @Joellaughton1 @lamaletademaggi @dervelloisr @sherrylynn61 @ShamPatchCrew @anders_cat @dab0703 @kalechocolate Thanks so much for Rts ğŸ’•,3,11
Kitchen Sanctuary,2020-01-21 08:15:47,Wishing everyone a #TastyTuesday @CaptnKennysFr @PrimProperPies @candreas2k @nonigustami @ValuableToKnow @Crusegirl @myFoodWorks @FettKeven @CDIVertdAzur @juanant1972diy @smalltownliv @poppyscupcakes @AmberGannon12 @erin_simplicity @AldoTomis Thanks so much for Rts ğŸ’•,7,19
Kitchen Sanctuary,2020-01-21 08:10:03,"This is my easy method for oven roasted peking duck with crispy skin and juicy, fall-apart meat. Served up with a spicy plum sauce.
https://t.co/8mPg2GlIre
 
#pekingduck #aromaticduck #chinesebanquet #chinesenewyear #betterthantakeout #crispyduck",32,81
Kitchen Sanctuary,2020-01-21 06:40:03,"Crispy prawn toast is infinitely better when it's homemade. Top slices of bread with a simple whizzed up prawn mixture, coat in sesame seeds and fry to golden perfection. Ready in less than 20 minutes!Â #prawntoast  #sesameprawntoast #partyfood #dimsum https://t.co/U3r1OpyQGV",42,86
Kitchen Sanctuary,2020-01-20 17:15:08,"So tasty, this lighter slow-cooked spicy beef curry is amazing. Less than 500 calories including rice and Slimming Friendly too!

https://t.co/gIUK9b5iGy

#slimmingworld #curry #beefcurry #slowcookercurry #slimmingworldcurry #slowcookedcurry https://t.co/xdhVKT7D44",23,48
Kitchen Sanctuary,2020-01-20 15:10:07,Chocolate Raspberry Bites â€“ little chocolate mouthfuls bursting with a refreshing hit of raspberry. Only 95 calories each! https://t.co/e6htAe3tSR #bitesizedtreats #chocolate #raspberry,52,129
Kitchen Sanctuary,2020-01-20 11:30:13,"Homemade crispy sweet and sour chicken with a better-than-takeout sauce made from store cupboard ingredients! Ready in 25 minutes.
#sweetandsour #sweetandsourchicken #chinese #chinesechicken #betterthantakeout #fakeaway #streetfood https://t.co/vazX5eLSfT https://t.co/TRLyoRU21O",30,61
Kitchen Sanctuary,2020-01-20 10:50:04,"Cream of Broccoli soup - with kale and cauliflower, plus a good handful of cheddar cheese. A real comfort food favourite!

https://t.co/D3hhirvHmO

#broccolisoup #wintersoup #creamysoup #vegetablesoup https://t.co/VSS62Yn2Nh",37,80
Kitchen Sanctuary,2020-01-20 08:33:58,Wishing everyone a great start to the week ahead @SplendidFood @FudgeeRose @USA_cocoa_farmr @Cassie638 @billgrierson @MyHealJourney @VarshaThacker Thanks for Rts ğŸŒ¼ğŸ’•,1,5
Kitchen Sanctuary,2020-01-20 08:27:51,Wishing everyone a great start to the week ahead @lbrubens1 @MariainIndiana @Tashiwityar @Rafal45099116 @9trIqkBXqoKmGBp @OnlineCatering @baconised @vehement_soup @edsousafarm @SEOContentIndia @LocalDirectDeal @happylife_www @foodsofbenin @foodpornchris Thanks for Rts ğŸŒ¼ğŸ’•,5,10
Kitchen Sanctuary,2020-01-20 08:24:18,Wishing everyone a great start to the week ahead @5cshell3 @rosaceae_emily @shionaA @Vilmapooh @engelderlieb80 @HiSandiLJ @maison_d_ami @akylex @arunruc @TheBusyVeggie @mianmar1978 @DawnJam16218572 @dahalapenio @AngryMatilda @itsmuzza2004 @MakeltLabour Thanks for Rts ğŸŒ¼ğŸ’•,2,5
Kitchen Sanctuary,2020-01-20 08:19:48,Wishing everyone a great start to the week ahead @KbcooksC @ChefJHerb @ANationOfMoms @TobisiaLilThing @chasingabigail @ladybuttons1 @DebiRuss @InMyKitchen_UK @thechefeddie @Shine_A_Light67 @wheelchiargran @RachelTBue @ManchesterMummy @AmyCaudill10 Thanks for Rts ğŸŒ¼ğŸ’•,7,10
Kitchen Sanctuary,2020-01-20 08:17:04,Wishing everyone a great start to the week ahead @_MaggieS_321_ @readithere007 @DesertR06548410 @LucySocha @sun102625 @mrbertie @CinShel @JotaCincoMadrid @AlBell42017 @cville_mommy @jmescoda @Praveen45527841 @TalexH4 @imaRhubarbarian @gingerjen121 Thanks for Rts ğŸŒ¼ğŸ’•,2,6
Kitchen Sanctuary,2020-01-20 08:12:45,Wishing everyone a great start to the week ahead @SlurpeesNTots @TheRecipeCookb1 @thiective @BSRobinsonLove @rickchaffee1 @CarriesExpKtchn @okayampac @MOLCS_ @negroylegal @le_chic26 @chophappy @RaveniteClub @d_goumba @IrishBuzzdotcom @pfretel78 Thanks for Rts ğŸŒ¼ğŸ’•,2,4
Kitchen Sanctuary,2020-01-20 08:09:32,Wishing everyone a great start to the week ahead @chef_suarez @ukhotbloggers @DilciaAcevedo2 @PeggyHaven2 @KevinJamessfm @SummerYuleRDN @terrazasbp @nicesoul101 @RosevineCottage @smalltownliv @ValuableToKnow @mokologue @Stars2night1 @BeatCancer10 Thanks for Rts ğŸŒ¼ğŸ’•,4,11
Kitchen Sanctuary,2020-01-20 08:06:51,Wishing everyone a great start to the week ahead @poppyscupcakes @FettKeven @soapdeli @kimschob @TTCOOKINGGLASS @FoodTrukk @scottydog57 @erin_simplicity @time4holidays @sergeiprokopiev @hippirose @nonigustami @RumkiSpoon @annehughes81 @vania_cotta Thanks for Rts ğŸŒ¼ğŸ’•,3,11
Kitchen Sanctuary,2020-01-20 08:04:36,Wishing everyone a great start to the week ahead @ElizabethAnnLe9 @Josjosmar59 @JustNotonya @debbie_labeaux @Right_Not_Wrong @BrandonKimmey @Esienne @cwshumate @juanant1972diy @OldFashRecipes @kerick3752 @TheTruthTriump1 @AldoTomis @planetmstudios @BTCnd Thanks for Rts ğŸŒ¼ğŸ’•,5,12
Kitchen Sanctuary,2020-01-20 08:00:30,Wishing everyone a great start to the week ahead @ChristineCarrUK @Crusegirl @cjgsweet @GerardisGrill @tree_tomato @ValJone34048585 @usamiko @CoolAnya84 @mugikikaku @KateSherlock @JackConnie @EduardoSpectro1 @cheffing @tunnels1014 @PaoloTomasi5 Thanks for Rts ğŸŒ¼ğŸ’•,1,8
Kitchen Sanctuary,2020-01-20 07:57:17,Wishing everyone a great start to the week ahead @pjames870 @GoonerKJP @jesjlove @pprabhu81 @woofknight @mereciano @altarkeys @rollidriver @FettKeven @anders_cat @Osvaldo_Villar @chupchupchup @rolandrod75 @twobigboysblog @Zime_Dlamini @fallsmyth Thanks for Rts ğŸŒ¼ğŸ’•,4,8
Kitchen Sanctuary,2020-01-20 07:54:34,Wishing everyone a great start to the week ahead @Fuzz_and_Buzz @evgreigauthor @RolandoS87 @axaddafoods @pam2emma @myFoodWorks @JosheFoods_UK @AndyPennefather @JosheFoods_USA @IdahNielsen @FisheliciousUK @clarenorris20 @sherrylynn61 @FrostieMoss Thanks for Rts ğŸŒ¼ğŸ’•,4,11
Kitchen Sanctuary,2020-01-20 07:52:21,Wishing everyone a great start to the week ahead @lamaletademaggi @AMBADANAROBA @myphillymedia @lndievid @Techrose11 @Joellaughton1 @CDIVertdAzur @GroverKitchen @czoco @Mister_R_C_ @zinfiny @CristinaParani1 @VoodooQ2u @dervelloisr @ElGanspo @cbeauocalafl  Thanks for Rts ğŸ’•ğŸŒ¼,2,9
Kitchen Sanctuary,2020-01-20 07:32:43,"That Chinese take-away might be tempting, but this Honey and Garlic Chicken Stir Fry with Cauliflower Egg Fried Rice is just as tasty, and so much better for you! https://t.co/4Y0LiL0Mrg #fakaway #chicken #cauliflowerrice #chinesefood https://t.co/yM6X5k9FBI",18,30
Kitchen Sanctuary,2020-01-20 05:10:03,Vegetarian Loaded Mexican Tortilla Pan dinner is packed with flavour &amp; loads of healthy goodies! A real treat that wonâ€™t make you feel that youâ€™re missing out on meat. Plus itâ€™s ready in 20 mins! https://t.co/1ikLc1zywu #vegetarian #tortilla #speedysupper https://t.co/ZZspnu6sa4,30,41
Kitchen Sanctuary,2020-01-20 02:00:12,"One Pot Mushroom Ragu with Rigatoni Pasta. A quick and easy vegetarian dinner â€“ all cooked in one pan!
RECIPE HERE https://t.co/ncXGOVjcvD #mushroom #pasta #vegetarian #onepot https://t.co/ujZuVynyo6 #meatfree #meatlessMonday",11,29
Kitchen Sanctuary,2020-01-19 16:45:03,"My chicken and mushroom pie is proper comfort food. Encased in buttery puff pastry, and made extra special with a sprinkling of bacon, itâ€™s a family mealtime favourite. https://t.co/GhAJwQwpD6 #comfortfood #chickenpie #dinner #bigbatch",41,107
Kitchen Sanctuary,2020-01-19 14:10:03,"If you're looking for a filling and warming dinner, this Creamy Cock a Leekie Soup with Bacon and Rice is just the thing! https://t.co/k0fsN3MJQJ #soup #dinner #Scottishfood #glutenfree",40,89
Kitchen Sanctuary,2020-01-19 11:50:02,"So tasty, this lighter slow-cooked spicy beef curry is amazing. Less than 500 calories including rice and Slimming Friendly too!

https://t.co/gIUK9b5iGy

#slimmingworld #curry #beefcurry #slowcookercurry #slimmingworldcurry #slowcookedcurry https://t.co/xdhVKT7D44",18,41
Kitchen Sanctuary,2020-01-19 06:10:04,The best crispy roast potatoes â€“ an essential component of any roast dinner! Plus tips on making ahead! https://t.co/PUJVVkOf7E #potatoes #roastpotatoes #sidedish #vegetarian,48,146
Kitchen Sanctuary,2020-01-19 02:25:04,"Packed with flavour, my Tuscan Chicken in Creamy Sun Dried Tomato Sauce is the ultimate chicken dinner. Serve with pasta, potatoes or just a big hunk of bread to dip into that creamy sauce. https://t.co/PJ7G9oBBFN #Tuscanchicken #dinner #recipe #chickendinner",50,144
Kitchen Sanctuary,2020-01-18 18:10:06,Boiling Rice can be harder than it sounds! Do you rinse the rice? stir it? drain it after cooking? All of your questions answered! No faffing â€“ this is the easiest way to boil rice in a pan. The only way I cook rice. https://t.co/vLXfZEapKZ #rice #boiledrice #howtorecipe,43,114
Kitchen Sanctuary,2020-01-18 16:00:52,Traditional Lancashire Hotpot...Any dish that still remains popular nearly 200 years after itâ€™s creation is going to be a damn good meal. https://t.co/qsjdvA442J #hotpot #comfortfood #lamb #glutenfree #traditionalfood,56,132
Kitchen Sanctuary,2020-01-18 12:02:23,"When you need that cheesy creamy goodness of Mac and Cheese but want a little something extra, this version with chicken, bacon and tomato totally hits the spot! https://t.co/JwaSNvQmIW #macncheese #chicken #bacon https://t.co/YjNTaHJcIv",47,86
Kitchen Sanctuary,2020-01-18 11:48:09,Have a wonderful weekend everyone @QuibellPaul @Foodandhome_YT @BlackRoses_888 @GLGranny @filmnerd85 @happylife_www @czoco @YurchenkoS31 @CookRustic @itsmuzza2004 @es_coolinaria @twiggysmalz @RolandoS87 @osheima @LocalDirectDeal @SHIKIBU_Automat Thanks so much for Rts ğŸ˜‹ğŸ’•,2,11
Kitchen Sanctuary,2020-01-18 11:40:52,Have a wonderful weekend everyone @CaptnKennysFr @colin_gillett @Josefer38693521 @DR81998098 @KATETHEPARK @Joellaughton1 @slimchick1900 @mycurry2night @CDIVertdAzur @combatsportlife @HarvestMarketDE @McCarrenBill @StacyMichelleB @Gumamelangmundo Thanks so much for Rts ğŸ˜‹ğŸ’•,4,15
Kitchen Sanctuary,2020-01-18 11:37:06,Have a wonderful weekend everyone @EsmeLuluBean @okayamapc @CookDrankEat @lvictorfaulkner @mellian1 @FortLeeNJUSA @AdriennePee3 @Hanktivist @LaurentTruyen @123sijirock @go_gazza @knu_deli @cgraceabrams @PeterCoghlan1 @USA90099 @CharlotteAkuha2 Thanks so much for Rts ğŸ˜‹ğŸ’•,1,12
Kitchen Sanctuary,2020-01-18 11:32:58,Have a wonderful weekend everyone @time4holidays @foodpornchris @USA_cocoa_farmr @TioChonPalapa @Storm703 @mugikikaku @zinfiny @poputatetecus @hannahmiller91 @eli_097 @fasefoodie @jojo57182682 @Streetzine @P_F_Lherisson_ @Abyss__Dreaming Thanks so much for Rts ğŸ˜‹ğŸ’•,6,21
Kitchen Sanctuary,2020-01-18 11:28:46,Have a wonderful weekend everyone @TheGlassPantry @Galas_blog @jmescoda @thanimajohn96 @nicesoul101 @momisrandom @SplendidFood @ichasoe @FoodieAstro @MexicoRealCafe @OuldHanan @chrisgower @GerardisGrill @Anais126 @lndievid @rollidriver Thanks so much for Rts ğŸ˜‹ğŸ’•,4,11
Kitchen Sanctuary,2020-01-18 11:25:40,Have a wonderful weekend everyone @ProgettiGolosi @esmonaco1 @Fuzz_and_Buzz @moran_kieron @lechic_26 @poppyscupcakes @DebiRuss @heidiguarate @superfoods2019 @ValuableToKnow @cwshumate @chasingabigail @billgrierson @Crusegirl @Nath_Gentit Thanks so much for Rts ğŸ˜‹ğŸ’•,2,11
Kitchen Sanctuary,2020-01-18 11:22:56,Have a wonderful weekend everyone @ANationOfMoms @re_hungry @falmouthjen @pawpaw_ray @rolandrod75 @compelledtocook @Stars2night1 @TheRecipeCookb1 @ElGanspo @AteJust8 @ChristineCarrUK @MyBeautyBug @erin_simplicity @belonio4 @Katz3333 @DrStaceyDVM Thanks so much for Rts ğŸ˜‹ğŸ’•,2,16
Kitchen Sanctuary,2020-01-18 11:20:10,Have a wonderful weekend everyone @Thatgirlgenius @Arhcanjo @Chris78699540 @KevinJamessfm @KarenTa58476263 @myfoodworks @TalexH4 @ShamPatchCrew @SimsLifeBlog @pjames870 @planetmstudios @engelderlieb80 @JamieHo57842236 @SlurpeesNTots @annehughes81 Thanks so much for Rts ğŸ˜‹ğŸ’•,0,9
Kitchen Sanctuary,2020-01-18 11:16:48,Have a wonderful weekend everyone @woofknight @CoachRoss40 @_MaggieS_321_ @ChefJHerb @AmelieCorbani @cjgsweet @rickchaffee1 @CristinaParani1 @TheBusyVeggie @jesjlove @JanRomes @shirl75379906 @DearCreatives @sherrylynn61 @thisgrilllife @skeighley Thanks so much for Rts ğŸ˜‹ğŸ’•,3,10
Kitchen Sanctuary,2020-01-18 11:13:14,Have a wonderful weekend everyone @RalphAllen4 @EduardoSpectro1 @mipaella @AndyPennefather @GermanDaishi @JohnKish20 @FloridaCulinary @JosheFoods_USA @cbeauocalafl @lamaletademaggi @pprabhu81 @myphillymedia @Osvaldo_Villar @Vilmapooh @TheTruthTriump1 Thanks so much for Rts ğŸ˜‹ğŸ’•,4,9
Kitchen Sanctuary,2020-01-18 11:10:40,Have a wonderful weekend everyone @AMBADANAROBA @chupchupchup @axaddafoods @prls4june @ros_emely @scentedbohemian @CommercialBBQ @Rafal45099116 @nailburke @dervelloisr @deeddra @ViviBioCucina @AbigailsOven @mokologue @AldoTomis @Redneck_Shake Thanks so much for Rts ğŸ˜‹ğŸ’•,5,10
Kitchen Sanctuary,2020-01-18 11:07:31,Have a wonderful weekend everyone @juanant1972diy @OnlineCatering @nonigustami @IdahNielsen @DilciaAcevedo2 @BeatCancer10 @kerick3752 @JosheFoods_UK @CoolAnya84 @GoonerKJP @smalltownliv @clarenorris20 @FiorinoBianchi @rozzadesign @ladybuttons1 Thanks so much for Rts ğŸ˜‹ğŸ’•,4,17
Kitchen Sanctuary,2020-01-18 11:04:51,Have a wonderful weekend everyone @Techrose11 @LorieMcDonald12 @sun102625 :@sergeiprokopiev @therealgloria @pfretel78 @GrandmaGibby1 @LondonersSpace @zwei55699 @bestfoodinchile @Esienne @hul_lim @vania_cotta @FettKeven @billgrierson @FHRecipes Thanks so much for Rts ğŸ˜‹ğŸ’•,3,10
Kitchen Sanctuary,2020-01-18 10:23:19,"Not Just any old pizza â€“ this weekend breakfast pizza comes with the full-English works! Bacon, tomatoes, mushrooms and dippy eggs!  A fab breakfast treat! Check out my tips for getting a runny egg yolk to dip those pizza crusts into! https://t.co/Nfw9qvm7Pr #brunch #breakfast https://t.co/sGpMXZuRrX",23,45
Kitchen Sanctuary,2020-01-18 02:20:03,"It is still possible to get fluffy delicious pancakes when you canâ€™t eat gluten. My Hazelnut and Chia pancakes are so tasty! As well as being gluten free, theyâ€™re refined sugar free too! https://t.co/RAOak7uE7s #glutenfree #pancakes #hazelnut https://t.co/2xbLP7EmGl",32,78
Kitchen Sanctuary,2020-01-17 18:25:04,"So tasty, this lighter slow-cooked spicy beef curry is amazing. Less than 500 calories including rice and Slimming Friendly too!

https://t.co/psin7yuXPy

#slimmingworld #curry #beefcurry #slowcookercurry #slimmingworldcurry #slowcookedcurry https://t.co/fm2BOpkeie",37,68
Kitchen Sanctuary,2020-01-17 16:20:07,"Got a Thai food craving?  Why not try this super delicious Thai Seafood Laksa.  A great way to get a fabulous Thai meal on the table quickly, using only one pan and ready in less than 30 minutes. 
RECIPE â¡ï¸https://t.co/7xyoCw47cG #seafood #laksa #onepan https://t.co/hVx6sWM7ti",58,120
Kitchen Sanctuary,2020-01-17 13:42:22,"The best Korean Fried Chicken â€“ Crispy coated buttermilk fried chicken smothered in a spicy Korean Gochujang sauce. This stuff is INSANELY good! 
RECIPEâ¡ï¸https://t.co/kVLdA7eg8z #Koreanfriedchicken #friedchicken #gochujang #fakeaway #streetfood https://t.co/hS5iIEaUdK",51,153
Kitchen Sanctuary,2020-01-17 11:20:03,"Easy chicken fajitas! Marinated chicken, seared to perfection and served with smoky charred peppers and onions on flour tortillas.

https://t.co/co4wf7HfOn

#easydinner #fajitas #chickenfajitas #sharingplate #sharingplatter #mexican https://t.co/KGTCNLULDh",32,50
Kitchen Sanctuary,2020-01-17 09:18:30,Nothing beats a creamy fish pie for some hearty comfort food. My award-winning recipe is always on our recipe rotation at home. https://t.co/Jc0Kq1VpNB #fishpie #comfortfood #fishfriday #seafood https://t.co/WlxlHBiWMI,41,77
Kitchen Sanctuary,2020-01-17 05:45:02,"Stick-to-your-ribs comfort food for a cold, rainy day, this slow cooked Beef and Guinness Stew with Crispy Onions is perfect! https://t.co/harZ7WVj1c #slowcooked #comfortfood #stew #beef #recipe https://t.co/13H38xsfL2",29,48
Kitchen Sanctuary,2020-01-17 02:00:23,"An easy to prepare Salmon Sushi Bowl â€“ all of the flavours of Sushi, in minimal time. Plus a 2-minute soy and ginger dressing that tastes way better than those little soy sauce plastic fish thingies! https://t.co/6R3DnTjtlu #salmon #sushi #lunch #recipe https://t.co/nzaXJzMgwq",36,63
Kitchen Sanctuary,2020-01-16 19:45:06,"So tasty, this lighter slow-cooked spicy beef curry is amazing. Less than 500 calories including rice and Slimming Friendly too!

https://t.co/gIUK9b5iGy

#slimmingworld #curry #beefcurry #slowcookercurry #slimmingworldcurry #slowcookedcurry https://t.co/xdhVKT7D44",42,81
Kitchen Sanctuary,2020-01-16 14:45:05,"Cream of Broccoli soup - with kale and cauliflower, plus a good handful of cheddar cheese. A real comfort food favourite!

https://t.co/9APQ5bUFvE

#broccolisoup #wintersoup #creamysoup #vegetablesoup https://t.co/HpKUiztLU8",44,66
Kitchen Sanctuary,2020-01-16 12:51:03,"Spicy Chicken Nourish Bowl - A filling and nutritious warm salad, with middle eastern flavours. https://t.co/DmaxghkIeX #nourishbowl #chicken #warmsalad #lunch https://t.co/Blq5VJ3cyq",35,75
Kitchen Sanctuary,2020-01-16 11:50:05,This Healthier Slow Cooked Spicy Chicken Rogan Josh is just the thing when youâ€™re trying to be good. The perfect Rogan Josh recipe thats also Syn free on Slimming world! https://t.co/Djs7HYpgOl #roganjosh #slowcooked #synfree #chicken #healthierdinner,47,100
Kitchen Sanctuary,2020-01-16 09:02:53,Have a Terrific Thursday everyone @Joellaughton1 @lvictorfaulkner @lndievid @statewideinfo1 @Praveen45527841 @1KRPA1 @axaddafoods @comidashistoric @LiveToEatHere @PaoloTomasi5 @Redneck_Shake @EatActWorship @GubbaRum @WeWontStarve @osheima @wheelchiargran Thanks sor Rts ğŸ’•ğŸŒ¼,2,9
Kitchen Sanctuary,2020-01-16 08:59:24,Have a Terrific Thursday everyone @dervelloisr @Stormdrane @avr381 @LibbyGleesonAus @KbcooksC @BernardBrett2 @amor_vuelveTX @IlonaMaza @Katz3333 @dj_mac_nificent @Chris78699540 @colin_gillett @Rafal4509916 @mary_maryalvarz @andreaxalleira @czoco Thanks for Rts ğŸ’•ğŸŒ¼,3,8
Kitchen Sanctuary,2020-01-16 08:53:41,Have a Terrific Thursday everyone @bradmck65 @PaleplumZbakari @Tastyfix @gingerjen121 @rosstell @OuldHanan @annhomebaker @thamame @soapdeli @AmelieCorbani @zinfiny @ANationOfMoms @TheBusyVeggie @amouthfulofmark @RumkiSpoon @AldoTomis @le_chic26 Thanks for Rts ğŸ’•ğŸŒ¼,3,12
Kitchen Sanctuary,2020-01-16 08:50:39,Have a Terrific Thursday everyone @cjgsweet @MOLCS_ @jcbshealth @myphillymedia @flawlessfooduk @SlurpeesNTots @BethnalGreener @deeddra @RolandoS87 @Crusegirl @juanant1972diy @cbeauocalafl @RalphAllen4 @BeatCancer10 @nicesoul101 @parker5342 @CynGagen Thanks for Rts ğŸ’•ğŸŒ¼,3,11
Kitchen Sanctuary,2020-01-16 08:47:37,Have a Terrific Thursday everyone @CaptnKennysFr @CristinaParani1 @MyBeautyBug @IdahNielsen @kerick3752 @DilciaAcevedo2 @annehughes81 @JackConnie @pjames870 @cwshumate @skeighley @ChefJHerb @smalltownliv @anders_cat @SimsLifeBlog @geekycooker @yesitsme111 Thanks for Rts ğŸ’•ğŸŒ¼,3,10
Kitchen Sanctuary,2020-01-16 08:44:24,Have a Terrific Thursday everyone @mugikikaku @ElGanspo @TheRecipeCookb1 @sherrylynn61 @thiective @pprabhu81 @woofknight @AdeBrigitte @sergeiprokopiev @purpleroses53 @pfretel78 @chasingabigail @FettKeven @ValuableToKnow @ThisrighthereT @myFoodWorks Thanks  for RTs ğŸ’•ğŸŒ¼,3,13
Kitchen Sanctuary,2020-01-16 07:48:38,Vegetarian Loaded Mexican Tortilla Pan dinner is packed with flavour and loads of healthy goodies! A real treat that wonâ€™t make you feel that youâ€™re missing out on meat. Plus itâ€™s ready in 20 minutes! https://t.co/1ikLc1zywu #vegetarian #tortilla #speedysupper https://t.co/ZZspnu6sa4,37,76
Kitchen Sanctuary,2020-01-16 03:20:03,"Spicy Parsnip and Sweet Potato Soup is hearty, healthy and packed with flavour! So good on those cold autumn and winter days when you need that warm, comforting feeling of homemade soup. https://t.co/xqWUcDMit9 #soup #vegetarian #SweetPotato #parsnip  https://t.co/oj35toDAa3",30,55
Kitchen Sanctuary,2020-01-15 19:44:59,"Quick and easy to prepare, this Chicken Lo Mein is packed with veggies and saucy goodness. Ready in 20 minutes! https://t.co/6Fw6Y9HI13 #chicken #LoMein #streetfood #speedysupper https://t.co/6dNwgMJQBE",40,91
Kitchen Sanctuary,2020-01-15 14:05:04,"Traditional cottage pie with a rich meaty sauce, topped with creamy mashed potato, crisped up to golden perfection. Check out my tip for ensuring also get a jug of delicious gravy to pour on top. https://t.co/AX2kgsoXNs #comfortfood #cottagepie #gravy #beef #dinner",62,172
Kitchen Sanctuary,2020-01-15 11:49:35,Love these grab and go breakfast cups from @erin_simplicity perfect for a busy morningğŸ˜‹ https://t.co/xgKHiF3Vis,3,11
Kitchen Sanctuary,2020-01-15 09:54:00,Thanks so much for Rts everyone @SkinnySpatula @AdeBrigitte @edsousafarm @CDIVertdAzur @sophie19621 @IlianPetkov3 @9trIqkBXqoKmGBp @LadyLakeMusic @2o74wHNwhP7cuzT @LocalDirectDeal @ETGFoodPacks Have a wonderful Wednesday ğŸ’•,4,13
Kitchen Sanctuary,2020-01-15 09:48:44,Thanks so much for Rts everyone @planetmstudios @scottydog57 @SummerBreezeUS @candlelightrw17 @fasefoodie @gregobrien49 @KarenTa58476263 @QuibellPaul @sergeiprokopiev @jcbshealth @vegeliciouskchn @czoco @Redneck_Shake @OnlineCatering Have a wonderful Wednesday ğŸ’•,3,12
Kitchen Sanctuary,2020-01-15 09:45:54,Thanks so much for Rts everyone @thisgrilllife @thiective @joancreek_ @TheQueenMrs @Suzanne22364928 @CinShel @Roseandfalcon @KevinJamessfm @DelbesC @nailahoffer @AMBADANAROBA @RossiErin @rickchaffee1 @neogi_rohini @chophappy @Mister_R_C_ Have a wonderful Wednesday ğŸ’•,1,14
Kitchen Sanctuary,2020-01-15 09:42:40,Thanks so much for Rts everyone @evgreigauthor @AldinaKnight @TaraRWhite @M3Bites @cgraceabrams @knu_deli @pfretel78 @sandraschulze @Arhcanjo @Foods_HQ @LatteMatcha @avr381 @Katz3333 @BernardBrett2 @okayamapc @Fuzz_and_Buzz @AnnaTesla77 Have a wonderful Wednesday ğŸ’•,2,13
Kitchen Sanctuary,2020-01-15 09:38:58,Thanks so much for Rts everyone @BeatCancer10 @ValuableToKnow @TheBusyVeggie @ChefJHerb @poppyscupcakes @pawpaw_ray @TobisiaLilThing @ladybuttons1 @Stormdrane @RalphAllen4 @juanant1972diy @moran_kieron @cjgsweet @adicork35 @MINKS808 Have a wonderful Wednesday ğŸ’•,4,17
Kitchen Sanctuary,2020-01-15 09:35:39,Thanks so much for Rts everyone @JamieHo57842236 @AldoTomis @RumkiSpoon @VitalPlan @pprabhu81 @itsmuzza2004 @JosheFoods_USA @RockyinTX @CoolAnya84 @HillelAsherman @nailburke @belonio4 @lamaletademaggi @EduardoSpectro1 @Gumamelangmundo Have a wonderful Wednesday ğŸ’•,3,15
Kitchen Sanctuary,2020-01-15 09:32:40,Thanks so much for Rts everyone @jr_joanne @boonyaroj @thamame @TheCoffeeGuy22 @PaleplumZbakari @rollidriver @engelderliebe80 @RahercaH @time4holidays @BethnalGreener @deeddra @myphillymedia @DilciaAcevedo2 @Chris78699540 @Esienne @CookDrankEat Have a wonderful Wednesday ğŸ’•,3,10
Kitchen Sanctuary,2020-01-15 09:29:53,Thanks so much for Rts everyone @chasingabigail @Crusegirl @SlurpeesNTots @Joellaughton1 @lakersplaya11 @NewlinTherese @popnewsic @ichasoe @FettKeven @ultimatekrispy @RisallariRigels @eapmd03 @CanovaGina @ChristineCarrUK @Cultiv8Hope Have a wonderful Wednesday ğŸ’•,3,8
Kitchen Sanctuary,2020-01-15 09:27:03,Thanks so much for RTs everyone @JosheFoods_UK @DHoblak @CaptnKennysFr  @ElGanspo @re_hungry @clarenorris20 @mugikikaku @dervelloisr @FrostieMoss @sherrylynn61 @kerick3752 @Gophergutz1 @cbeauocalafl @Darie_OConnor @IdahNielsen @skeighley Have a wonderful WednesdayğŸ’•,4,18
Kitchen Sanctuary,2020-01-15 08:06:40,"Pepperoni Pizza Fries loaded with homemade pizza sauce, stretchy mozzarella and tasty cheddar. Serve them for dinner, as a game day or party food. You wonâ€™t believe how fast they disappear! https://t.co/8OB5QKOHzT #gameday #pizzafries #mozzarella #pepperoni #partyfood https://t.co/yQYKebqBZt",23,55
Kitchen Sanctuary,2020-01-15 05:35:02,Chocolate Raspberry Bites â€“ little chocolate mouthfuls bursting with a refreshing hit of raspberry. Only 95 calories each! https://t.co/e6htAe3tSR #bitesizedtreats #chocolate #raspberry,45,121
Kitchen Sanctuary,2020-01-15 02:20:03,"Comforting Chicken Noodle Soup! I love this as a filling, tasty and inexpensive dinner for those cold Winter evenings. Make a big pot so you have plenty of leftovers for lunch. https://t.co/64PBTXr6MS #soup #chickensoup #noodles #comfortfood https://t.co/XwSBdJC0og",22,52
Pickled Plum Food and Drinks,2020-01-21 18:02:02,"When it comes to #natto, you either love it or hate it ğŸ˜‚
Learn all about Japanese fermented #soybeans - and a few ways to enjoy this iconic food! 
#feedfeed #yuminthetum #buzzfeast #delish 
Read about it here ğŸ‘‰ https://t.co/TXHB2zZ3Cl https://t.co/nFwtIALIom",7,14
Pickled Plum Food and Drinks,2020-01-21 17:03:03,"Let's make Chinese veggie #stirfry ğŸ²ğŸ˜‹
This stir fried napa cabbage is the perfect takeout-fakeout and is ready in 15 minutes!
#feedfeed #nom #veggies #easyrecipes #betterthantakeout
Get the Recipe ğŸ‘‰ https://t.co/ALja1pvZ3I https://t.co/OCIQw706Xp",8,35
Pickled Plum Food and Drinks,2020-01-20 17:03:06,"What's your favorite use of cucumbers and tomatoes?
This creamy avocado cucumber tomato salad is my fave! ğŸ…ğŸ˜‹
Get the Recipe ğŸ‘‰ https://t.co/5hS4YRCHYI https://t.co/PCes6CR6lD",34,152
Pickled Plum Food and Drinks,2020-01-19 18:03:02,"One of the easiest stir fry #recipes EVER!
Bok Choy With Garlic and Oyster Sauce
#nom #foodporn #bokchoy #stirfry #betterthantakeout 
Get the Recipe ğŸ‘‰ https://t.co/e2PxNtbcWX https://t.co/EYBLq0kRi9",5,13
Pickled Plum Food and Drinks,2020-01-19 17:03:02,"This delicious Harissa #SweetPotato Hash Recipe is a healthy (and spicy) dish ğŸ²ğŸŒ¶ğŸ”¥ğŸ˜‹
Perfect for #brunch!
#harissa #healthy #spicy #foodporn #nom
Get the Recipe ğŸ‘‰ https://t.co/d2dkB7G54Q https://t.co/AeVUvRkPdf",13,37
Pickled Plum Food and Drinks,2020-01-18 17:03:04,"These these hot chili oil infused Sichuan #pickles are delicious! ğŸ¥’ğŸ¥¢
Bonus: making Smacked #Cucumbers With #ChiliOil is a fun way to let off some steam ğŸ’ª
#easyrecipe #nom #feedfeed #playwithyourfood #eatwithyoureyes
Get the Recipe ğŸ‘‰ https://t.co/KjIBPYhAj6 https://t.co/uNeVR7dMdF",20,52
Pickled Plum Food and Drinks,2020-01-17 18:02:02,"Make this silky, savory Basic Chinese #Congee Recipe with just a few humble ingredients ğŸš
Easy to make â€“ and so satisfying! Letâ€™s hear it for comfort food! 
#easyrecipe #comfortfood #feedfeed #ricerecipes
Get the Recipe ğŸ‘‰ https://t.co/uwZ4YcHKNk https://t.co/YjnULiOH09",6,16
Pickled Plum Food and Drinks,2020-01-17 17:03:05,"Up and at 'em! â›…ï¸
Add a little zing to your morning with this spicy, cleansing and invigorating wellness tonic!
#morning #drink #f52grams #feedfeed #earlyriser #nom
Get the Recipe ğŸ‘‰ https://t.co/0kjFDKss5f https://t.co/Mb1wgY7d0n",3,13
Pickled Plum Food and Drinks,2020-01-16 18:02:05,"The perfect light and refreshing mid-afternoon #snack!
#Cucumber Sandwiches with #Tzatziki Sauce
#Sandwich #nom #easyrecipe
Get the Recipe ğŸ‘‰ https://t.co/ckJr4x8DwI https://t.co/HINuDBh1Ok",6,23
Pickled Plum Food and Drinks,2020-01-16 17:03:02,"Detoxing isnâ€™t just for the summer! 
This green #detox soup is great for a boost of vitamins that will keep your tummy slim and skin aglow!
#easyrecipes #f52grams #feedfeed #nom 
Get the Recipe ğŸ‘‰ https://t.co/yq5l2lIAZG https://t.co/T7uPPbRqis",9,24
Pickled Plum Food and Drinks,2020-01-15 18:02:01,"So easy! ğŸ˜‹
This spicy and smoky Korean Cucumber Salad Recipe is ready in 10 minutes and has a refreshing crunch ğŸ¥’ğŸ¥—
#banchan #salad #feedfeed
Get the Recipe ğŸ‘‰ https://t.co/SvwgD13Q8m https://t.co/X7E7ungw4p",18,51
Pickled Plum Food and Drinks,2020-01-15 17:03:03,"Bitter melon is an integral part of this bright and fruity #smoothie ğŸ¹
This morning smoothie packed with ingredients to soothe and strengthen your gut! 
#easyrecipe #gutbliss #bittermelon #feedfeed #veganuary #nom
Get the Recipe ğŸ‘‰ https://t.co/0fLXg1rFyj https://t.co/Dv3w5gGQ37",9,21
Pickled Plum Food and Drinks,2020-01-14 18:02:02,"Put dinner on the table in 15 minutes with this smoky Salmon Tikka Over Quinoa Recipe ğŸ˜‹
ğŸ² served with a cooling cucumber raita!
#easyrecipes #nom 
Get the Recipe ğŸ‘‰ https://t.co/k9qKQGr4ZM https://t.co/61ZcoDaDmL",9,30
Pickled Plum Food and Drinks,2020-01-14 17:03:05,"These savory #vegetarian stuffed peppers are colorful, filling, delicious and guilt-free ğŸ˜‹
#StuffedPeppers #easyrecipe #feedfeed #f52grams #buzzfeast #nom
Get the Recipe ğŸ‘‰ https://t.co/N2Y5imJar6 https://t.co/1YZZPM4VX7",17,45