screen_name, date, text, retweet_count, favourites_count
trovaricetta.com,2020-01-17 16:17:07,"Amaretti secchi, ricetta semplice con soli albumi
Ricetta qui: https://t.co/1S8xlnYYSD
 #ricette #food #foodblog #cucina #cucinaitaliana https://t.co/x6tZFFphRb",2,3
trovaricetta.com,2020-01-17 15:47:11,"Rotolo di cioccolato e panna
Ricetta qui: https://t.co/Q5ObpCe505
 #ricette #food #foodblog #cucina #cucinaitaliana https://t.co/RQH6Ta4hvd",1,2
trovaricetta.com,2020-01-17 15:17:07,"Mele cotte al forno alla cannella: la ricetta che viene una bomba
Ricetta di @LiliMadeleine1 qui: https://t.co/S7r6NkU03K
 #ricette #food #foodblog #cucina #cucinaitaliana https://t.co/XwTXzAaRss",3,4
trovaricetta.com,2020-01-17 14:47:21,"Torta allo yogurt mele e cioccolato senza uova
Ricetta di @LoryQuasiMagia qui: https://t.co/PYcOmeMhfj
 #ricette #food #foodblog #cucina #cucinaitaliana https://t.co/7kFHOURQN2",1,3
trovaricetta.com,2020-01-17 14:17:07,"Budino vegan al cioccolato fondente con mandorle la ricetta
Ricetta di @VerdeinTavola qui: https://t.co/zt8GDGRRoE
 #ricette #food #foodblog #cucina #cucinaitaliana https://t.co/AFQHkVDCTY",1,2
trovaricetta.com,2020-01-17 11:47:12,"Pasta al forno con ragù bianco e zucca gialla
Ricetta qui: https://t.co/yvK2CaOZsN
 #ricette #food #foodblog #cucina #cucinaitaliana https://t.co/Xi5KmkFMsM",4,5
trovaricetta.com,2020-01-17 11:17:06,"FOCACCIA CLASSICA MORBIDA
Ricetta qui: https://t.co/LNWd0JvO0G
 #ricette #food #foodblog #cucina #cucinaitaliana https://t.co/yLxfomjiIe",4,4
trovaricetta.com,2020-01-17 10:47:11,"Stracciatella in brodo, ricetta romana.
Ricetta di @michelesroma qui: https://t.co/5iatzFxfwt
 #ricette #food #foodblog #cucina #cucinaitaliana https://t.co/lPDqSPxWnz",6,6
trovaricetta.com,2020-01-17 10:17:06,"Filetto alla Tintilia
Ricetta qui: https://t.co/EfzYltjOBm
 #ricette #food #foodblog #cucina #cucinaitaliana https://t.co/6ZXlkr3lCw",4,0
trovaricetta.com,2020-01-17 09:47:22,"Karidato
Ricetta di @ApritiS qui: https://t.co/qenI4MJsC5
 #ricette #food #foodblog #cucina #cucinaitaliana https://t.co/7kMhR9zdhL",3,3
trovaricetta.com,2020-01-17 09:17:06,"Crostata frangipane al cacao e ganache fondente
Ricetta qui: https://t.co/U60aK30NS1
 #ricette #food #foodblog #cucina #cucinaitaliana https://t.co/Sq0e7qlsJq",3,0
trovaricetta.com,2020-01-17 08:47:12,"Crema vegan senza zucchero di cacao e cannella
Ricetta di @mathincucina qui: https://t.co/xxf3ebZlkb
 #ricette #food #foodblog #cucina #cucinaitaliana https://t.co/0F0RGDcqzW",4,5
trovaricetta.com,2020-01-17 08:17:06,"Gallette Des Rois o torta dei Re magi
Ricetta di @dolcidasogno qui: https://t.co/1fRA4juusX
 #ricette #food #foodblog #cucina #cucinaitaliana https://t.co/DbuSESKjnx",1,0
trovaricetta.com,2020-01-17 07:47:19,"crostata friabile
Ricetta qui: https://t.co/X8beoiP5QL
 #ricette #food #foodblog #cucina #cucinaitaliana https://t.co/LjJNXNVAif",2,2
trovaricetta.com,2020-01-17 07:17:07,"Rose del deserto: una colazione particolare
Ricetta di @laNonnaPaperina qui: https://t.co/YXQpIOFx2S
 #ricette #food #foodblog #cucina #cucinaitaliana https://t.co/ssseCwTC6P",3,0
trovaricetta.com,2020-01-16 18:17:05,"Albero di Panini alle erbe
Ricetta qui: https://t.co/SDLpLrLyfw
 #ricette #food #foodblog #cucina #cucinaitaliana https://t.co/xbgd2aJu45",3,3
trovaricetta.com,2020-01-16 17:47:22,"Lasagne salmone e pistacchio
Ricetta di @ladypepperblog qui: https://t.co/eLIb1ug2fA
 #ricette #food #foodblog #cucina #cucinaitaliana https://t.co/DsHHEofGNp",5,8
trovaricetta.com,2020-01-16 17:17:07,"Sangria bianca d’inverno, con agrumi e spezie
Ricetta di @PosateSpaiate qui: https://t.co/3DRMV5Sjxs
 #ricette #food #foodblog #cucina #cucinaitaliana https://t.co/ObTBbt1dlE",1,1
trovaricetta.com,2020-01-16 16:17:05,"Pandolce genovese
Ricetta qui: https://t.co/aYdSgYbhkb
 #ricette #food #foodblog #cucina #cucinaitaliana https://t.co/TOAA5HRRO1",0,0
trovaricetta.com,2020-01-16 15:47:12,"Gocciole Homemade
Ricetta di @Mely822 qui: https://t.co/Xv7bvLlytZ
 #ricette #food #foodblog #cucina #cucinaitaliana https://t.co/Cv8y5Cehry",2,0
trovaricetta.com,2020-01-16 15:17:07,"Crumble di Mele e Biscotti Saraceni di Inglese senza glutine
Ricetta di @Pasticciniblog qui: https://t.co/3SRL0droeZ
 #ricette #food #foodblog #cucina #cucinaitaliana https://t.co/Fldk3g2rcz",2,1
trovaricetta.com,2020-01-16 14:47:21,"Impasto base: Pasta Brioche Leggera (senza burro, né olio)
Ricetta qui: https://t.co/5zW5GtUgPF
 #ricette #food #foodblog #cucina #cucinaitaliana https://t.co/FPM4BjqLL8",2,1
trovaricetta.com,2020-01-16 14:17:05,"Torta di  mele frullate golosa
Ricetta di @RosannaIppolito qui: https://t.co/yPRwzJvgNl
 #ricette #food #foodblog #cucina #cucinaitaliana https://t.co/dJktjrgxRZ",3,3
trovaricetta.com,2020-01-16 13:47:12,"Grostl o rosticciata trentina di patate
Ricetta di @Bea1380 qui: https://t.co/yOGupnS6Zw
 #ricette #food #foodblog #cucina #cucinaitaliana https://t.co/lqOeRsxDu3",0,1
trovaricetta.com,2020-01-16 13:17:06,"Penne alle 3 P con pesto prosciutto e panna
Ricetta di @SimonaTundo qui: https://t.co/dZTEsvoQ2E
 #ricette #food #foodblog #cucina #cucinaitaliana https://t.co/ewlnGJRaWW",1,0
trovaricetta.com,2020-01-16 12:47:20,"Alici fritte
Ricetta di @lucianaincucina qui: https://t.co/h9UGYdiVbd
 #ricette #food #foodblog #cucina #cucinaitaliana https://t.co/8ng5HZ0CZg",5,3
trovaricetta.com,2020-01-16 12:17:05,"Ricetta – Focaccia con lo stracchino
Ricetta di @corrlaur qui: https://t.co/0XpU4rsUj8
 #ricette #food #foodblog #cucina #cucinaitaliana https://t.co/QBiYaCLJKH",1,3
trovaricetta.com,2020-01-16 11:47:12,"Pasta al sugo di olive
Ricetta qui: https://t.co/SrqhTr78fW
 #ricette #food #foodblog #cucina #cucinaitaliana https://t.co/G02pjbMs0R",0,0
trovaricetta.com,2020-01-16 11:17:06,"Cavolfiore e cipolle gratinate
Ricetta di @VittoriaAl qui: https://t.co/1E2EB4ynwF
 #ricette #food #foodblog #cucina #cucinaitaliana https://t.co/gsQRi863LI",3,3
trovaricetta.com,2020-01-16 10:17:06,"Gulash di verdure
Ricetta di @AnnaGuidorzi qui: https://t.co/OhIjK8A69z
 #ricette #food #foodblog #cucina #cucinaitaliana https://t.co/9kHU3sNt7g",6,9
trovaricetta.com,2020-01-16 09:47:21,"Biscotti morbidi all’arancia e gocce di cioccolato gluten free
Ricetta qui: https://t.co/NftRwbA1TY
 #ricette #food #foodblog #cucina #cucinaitaliana https://t.co/95uInzs96W",4,2
trovaricetta.com,2020-01-16 09:17:05,"Pan Goccioli
Ricetta qui: https://t.co/fef6L6RkTI
 #ricette #food #foodblog #cucina #cucinaitaliana https://t.co/W2pmyunsCs",2,1
trovaricetta.com,2020-01-16 08:47:11,"TORTA DELLA STREGA
Ricetta qui: https://t.co/5jM5wIworX
 #ricette #food #foodblog #cucina #cucinaitaliana https://t.co/4QXZBRqxEw",4,1
trovaricetta.com,2020-01-16 08:17:05,"Saccottini di pasta sfoglia al cioccolato
Ricetta di @Fra110284 qui: https://t.co/EIrxZHTrrt
 #ricette #food #foodblog #cucina #cucinaitaliana https://t.co/TptWwUX9jI",1,1
trovaricetta.com,2020-01-16 07:47:16,"Treccia neutra di brioche
Ricetta qui: https://t.co/6kVdvzQ06W
 #ricette #food #foodblog #cucina #cucinaitaliana https://t.co/1iI5B7wHpP",5,9
trovaricetta.com,2020-01-16 07:17:06,"Ricetta cantucci toscani
Ricetta qui: https://t.co/OxecG2RflP
 #ricette #food #foodblog #cucina #cucinaitaliana https://t.co/oLNmtg5rPx",3,0
trovaricetta.com,2020-01-15 18:17:05,"Guancetta di vitello brasata al vino rosso
Ricetta qui: https://t.co/bITuvyI7oU
 #ricette #food #foodblog #cucina #cucinaitaliana https://t.co/6odw91LqRQ",4,2
trovaricetta.com,2020-01-15 17:47:22,"Gateau sardo (croccante) di mandorle
Ricetta di @SalvadanaiodiSM qui: https://t.co/Xhce9t0JkH
 #ricette #food #foodblog #cucina #cucinaitaliana https://t.co/EPf4fWzVUu",4,2
trovaricetta.com,2020-01-15 17:17:07,"Sedani con salsicce e carciofi
Ricetta di @PamyeAnto qui: https://t.co/94DC3kWinv
 #ricette #food #foodblog #cucina #cucinaitaliana https://t.co/lKPq2urs37",6,6
trovaricetta.com,2020-01-15 15:17:05,"Pancake alle mele e cannella
Ricetta di @oggi_veggie qui: https://t.co/XEERRM8Iks
 #ricette #food #foodblog #cucina #cucinaitaliana https://t.co/RVhnkVyTcz",3,1
trovaricetta.com,2020-01-15 14:47:21,"CROSTATA DI GRANO SARACENO
Ricetta qui: https://t.co/7GrTfm29bZ
 #ricette #food #foodblog #cucina #cucinaitaliana https://t.co/2XuxWyCIYS",5,5
trovaricetta.com,2020-01-15 14:17:06,"Torta rovesciata ai mandarini speziati
Ricetta qui: https://t.co/G093HuSS0V
 #ricette #food #foodblog #cucina #cucinaitaliana https://t.co/Zcm2tNDfTF",3,3
trovaricetta.com,2020-01-15 13:47:11,"Panini alla barbabietola con trota affumicata e crema di formaggio al wasabi e tè matcha
Ricetta qui: https://t.co/sqJjGpyLOy
 #ricette #food #foodblog #cucina #cucinaitaliana https://t.co/nka91oUlgk",0,0
trovaricetta.com,2020-01-15 13:17:06,"Timballo di riso con cuore tenero
Ricetta di @mauroniso qui: https://t.co/pqioDxgazq
 #ricette #food #foodblog #cucina #cucinaitaliana https://t.co/9LEd8AttlC",0,1
trovaricetta.com,2020-01-15 12:47:20,"Risotto ai funghi porcini e zafferano 2.0…
Ricetta di @kirk1710 qui: https://t.co/3w95hsJcJe
 #ricette #food #foodblog #cucina #cucinaitaliana https://t.co/fkHFcA2mba",0,1
trovaricetta.com,2020-01-15 12:17:08,"Vegan Shepherd’s Pie di Lenticchie | Lentil Shepherd’s Pie Gluten-Free
Ricetta di @BeautyFoodBlog qui: https://t.co/AqCR6puTn7
 #ricette #food #foodblog #cucina #cucinaitaliana https://t.co/3OOQCzILdd",1,1
trovaricetta.com,2020-01-15 11:47:10,"calendario dell’avvento conchiglioni ripieni
Ricetta di @Taverna_Arna qui: https://t.co/kkDGcnc7Sh
 #ricette #food #foodblog #cucina #cucinaitaliana https://t.co/Inj3kdUw6Y",3,2
trovaricetta.com,2020-01-15 11:17:07,"Insalata di cavolfiore, sedano e noci pecan con salsa allo yogurt
Ricetta di @LeRicettediVale qui: https://t.co/pVSvt7QpYR
 #ricette #food #foodblog #cucina #cucinaitaliana https://t.co/p2wSHHIl6l",0,0
trovaricetta.com,2020-01-15 10:47:12,"Tonnetto con bacon croccante e maionese di soia
Ricetta qui: https://t.co/DvWkBvsi7A
 #ricette #food #foodblog #cucina #cucinaitaliana https://t.co/ughiRt5rh8",0,0
trovaricetta.com,2020-01-15 10:17:05,"Coniglio alla cacciatora a modo mio | Ricetta
Ricetta di @incucinaXD qui: https://t.co/y7nBHeO15p
 #ricette #food #foodblog #cucina #cucinaitaliana https://t.co/mAxkPk16Xc",6,2
trovaricetta.com,2020-01-15 09:47:18,"Saint Honorè all’italiana
Ricetta di @zuccherolievito qui: https://t.co/tuBif4b5ef
 #ricette #food #foodblog #cucina #cucinaitaliana https://t.co/ZCoQjEe5qj",6,1
trovaricetta.com,2020-01-15 09:17:05,"SCONES INGLESI
Ricetta di @PaolaBellora qui: https://t.co/wbXikw4vYW
 #ricette #food #foodblog #cucina #cucinaitaliana https://t.co/s5Q9ZzV2JS",4,3
trovaricetta.com,2020-01-15 08:47:12,"I Ceci
Ricetta di @azzurracucina qui: https://t.co/4Jg09Uc1xA
 #ricette #food #foodblog #cucina #cucinaitaliana https://t.co/fioyN4TFLT",4,0
trovaricetta.com,2020-01-15 08:17:08,"Torta di mele (ricetta classica)
Ricetta di @emanuelapelusi qui: https://t.co/n8KDGRQW3K
 #ricette #food #foodblog #cucina #cucinaitaliana https://t.co/ovhVad4W0d",9,9
trovaricetta.com,2020-01-15 07:47:17,"Biscotti con fiocchi d’avena, mandorle e semi di lino senza uova
Ricetta qui: https://t.co/ZEYoZxj8wn
 #ricette #food #foodblog #cucina #cucinaitaliana https://t.co/uRnHxzDzL5",3,1
trovaricetta.com,2020-01-15 07:17:08,"torta fredda kinder bueno
Ricetta di @casa_dolci qui: https://t.co/WmI2de2V29
 #ricette #food #foodblog #cucina #cucinaitaliana https://t.co/nIotKww1BZ",3,1
trovaricetta.com,2020-01-14 17:17:07,"Orecchiette con friarielli
Ricetta di @RicetteCuco qui: https://t.co/G4C70z7cHP
 #ricette #food #foodblog #cucina #cucinaitaliana https://t.co/rRGKPqkglj",1,1
trovaricetta.com,2020-01-14 16:17:08,"Cestini di frolla friabile con stevia e ripieno di cioccolato fondente 74 %
Ricetta qui: https://t.co/rrnIBRxZGy
 #ricette #food #foodblog #cucina #cucinaitaliana https://t.co/Ej55zgS430",2,1
trovaricetta.com,2020-01-14 15:47:13,"Panna cotta al caramello con granella di torroncino
Ricetta qui: https://t.co/R59GmuOkOz
 #ricette #food #foodblog #cucina #cucinaitaliana https://t.co/9Wyo8y84fj",4,2
trovaricetta.com,2020-01-14 15:17:06,"L'omino di pan di zenzero: la ricetta perfetta!
Ricetta qui: https://t.co/7sG29Lfrjq
 #ricette #food #foodblog #cucina #cucinaitaliana https://t.co/Efr85Zdqwf",2,0
trovaricetta.com,2020-01-14 14:47:26,"Panna cotta al dulce de leche
Ricetta di @davolidauliana qui: https://t.co/IeMYDs5FKq
 #ricette #food #foodblog #cucina #cucinaitaliana https://t.co/Nci5huy2Lx",2,3
trovaricetta.com,2020-01-14 14:17:05,"TARTUFI ARANCIA E CACAO
Ricetta di @https://twitter.com/AttimiDolcezza qui: https://t.co/wDAnCSHzVB
 #ricette #food #foodblog #cucina #cucinaitaliana https://t.co/BmA5IGl957",3,6
trovaricetta.com,2020-01-14 13:17:07,"Un pasticcio?
Ricetta di @FoodiesItaly qui: https://t.co/kY0TFyck8a
 #ricette #food #foodblog #cucina #cucinaitaliana https://t.co/K5zBGyO6fi",6,1
trovaricetta.com,2020-01-14 12:47:22,"LIQUORE AL MANDARINO CINESE
Ricetta di @salonicco_gr qui: https://t.co/tFBeCLR6Fu
 #ricette #food #foodblog #cucina #cucinaitaliana https://t.co/l1JF7pNgJs",2,1
trovaricetta.com,2020-01-14 12:17:05,"Polenta Taragna
Ricetta qui: https://t.co/2wJdYGFuRy
 #ricette #food #foodblog #cucina #cucinaitaliana https://t.co/zRDzfOJCWO",2,0
trovaricetta.com,2020-01-14 11:47:11,"Vellutata di porri zucca e topinambur aromatizzata allo zenzero
Ricetta qui: https://t.co/AssM16c8Me
 #ricette #food #foodblog #cucina #cucinaitaliana https://t.co/lVfWS0cfM0",1,0
trovaricetta.com,2020-01-14 11:17:06,"Conchiglioni ripieni cavolo nero e prosciutto cotto
Ricetta qui: https://t.co/ZviaI2szpe
 #ricette #food #foodblog #cucina #cucinaitaliana https://t.co/Pd2CtpKB0M",4,4
trovaricetta.com,2020-01-14 10:47:13,"Cotechino con lenticchie
Ricetta di @carm_lyta qui: https://t.co/ITXq8tWy54
 #ricette #food #foodblog #cucina #cucinaitaliana https://t.co/lwaogmDApY",2,0
trovaricetta.com,2020-01-14 10:17:05,"Involtino di carne con uova sode
Ricetta di @BelloDelFornell qui: https://t.co/wefFXpevb3
 #ricette #food #foodblog #cucina #cucinaitaliana https://t.co/Ca1Z2NBJk9",1,0
trovaricetta.com,2020-01-14 09:47:22,"Biscotti cuore di cioccolato senza glutine
Ricetta di @gaiaconcetta qui: https://t.co/PLRNXDuAu0
 #ricette #food #foodblog #cucina #cucinaitaliana https://t.co/jezQnJ5h3U",5,4
trovaricetta.com,2020-01-14 09:17:07,"Torta della Nonna
Ricetta qui: https://t.co/9kgevWHd1J
 #ricette #food #foodblog #cucina #cucinaitaliana https://t.co/Or3Xznc7NB",6,5
trovaricetta.com,2020-01-14 08:47:11,"Plumcake alle mele con latte di mandorla e noci
Ricetta qui: https://t.co/d0wbNqgPsj
 #ricette #food #foodblog #cucina #cucinaitaliana https://t.co/RZbOywNhfw",2,0
trovaricetta.com,2020-01-14 08:17:06,"Torta al mascarpone senza uova
Ricetta qui: https://t.co/KJl7nXWHoI
 #ricette #food #foodblog #cucina #cucinaitaliana https://t.co/a7x10ZNve6",5,2
trovaricetta.com,2020-01-14 07:47:15,"Biscotti al sablè al cioccolato
Ricetta qui: https://t.co/0emboyE6tB
 #ricette #food #foodblog #cucina #cucinaitaliana https://t.co/KaIEKZDJmX",6,3
trovaricetta.com,2020-01-14 07:17:05,"COPPETTE CON SPUMA DI MASCARPONE CANTUCCI E PISTACCHI SALATI
Ricetta qui: https://t.co/aQrs2Y5mxy
 #ricette #food #foodblog #cucina #cucinaitaliana https://t.co/vC6x9X36Ty",3,3
trovaricetta.com,2020-01-13 21:17:05,"Ricetta della Marmellata di limoni di Sicilia e zenzero
Ricetta di @balconcine qui: https://t.co/m4Hyz7l21o
 #ricette #food #foodblog #cucina #cucinaitaliana https://t.co/Tqk8rI03wR",3,3
trovaricetta.com,2020-01-13 20:47:04,"Salsa di peperoncino
Ricetta di @SerenaCucina qui: https://t.co/hkXAnnLqKK
 #ricette #food #foodblog #cucina #cucinaitaliana https://t.co/ZFL5HinjUZ",2,4
trovaricetta.com,2020-01-13 20:17:06,"Hand Pies di Pollo e Scarole
Ricetta qui: https://t.co/RxOz6R1KWP
 #ricette #food #foodblog #cucina #cucinaitaliana https://t.co/zBH0VRUkIj",2,1
trovaricetta.com,2020-01-13 19:47:06,"Polpettine di merluzzo, spinaci e limone
Ricetta di @luciamelchiorre qui: https://t.co/flT5BXBhE6
 #ricette #food #foodblog #cucina #cucinaitaliana https://t.co/lN6ZjMbTjo",2,0
trovaricetta.com,2020-01-13 19:17:04,"PIZZETTE DI PHILADELPHIA
Ricetta qui: https://t.co/J8p7h3KKjl
 #ricette #food #foodblog #cucina #cucinaitaliana https://t.co/h5coPEHFlC",1,1
trovaricetta.com,2020-01-13 18:47:10,"CUCINIAMO ASSIEME – ZUCCHINE RIPIENE DI PATATE E CECI
Ricetta qui: https://t.co/FhzmRl2nYq
 #ricette #food #foodblog #cucina #cucinaitaliana https://t.co/IljYAvmT8r",2,0
trovaricetta.com,2020-01-13 18:17:05,"Focaccine salate
Ricetta qui: https://t.co/UdIIf2J8LB
 #ricette #food #foodblog #cucina #cucinaitaliana https://t.co/n9LXj9i590",4,0
trovaricetta.com,2020-01-13 17:47:21,"Paccheri e broccoletti
Ricetta di @simply_lalla qui: https://t.co/OUCWb76Oag
 #ricette #food #foodblog #cucina #cucinaitaliana https://t.co/9LeD0lqrg5",5,4
trovaricetta.com,2020-01-13 17:17:04,"Fusilloni al ragù di lenticchie
Ricetta di @blumirtillo1 qui: https://t.co/JSnbWfeQD4
 #ricette #food #foodblog #cucina #cucinaitaliana https://t.co/ncWWo5CbJC",2,3
trovaricetta.com,2020-01-13 15:47:10,"Cantucci alle Mandorle
Ricetta qui: https://t.co/l5pqomtj4P
 #ricette #food #foodblog #cucina #cucinaitaliana https://t.co/q2PiTOcROV",5,2
trovaricetta.com,2020-01-13 15:17:05,"Frollini con cioccolato e pistacchi
Ricetta qui: https://t.co/jtlGVVwzxm
 #ricette #food #foodblog #cucina #cucinaitaliana https://t.co/tOG4iTZv7r",4,5
trovaricetta.com,2020-01-13 14:47:18,"Zelten – lievito madre
Ricetta di @giusii1 qui: https://t.co/KrOgjBl2lM
 #ricette #food #foodblog #cucina #cucinaitaliana https://t.co/FNat2FF163",4,3
trovaricetta.com,2020-01-13 14:17:05,"Semifreddo al torrone e pere
Ricetta di @lacucinadimarta qui: https://t.co/NrAOOJ5SGU
 #ricette #food #foodblog #cucina #cucinaitaliana https://t.co/kGqiOvrw04",8,5
trovaricetta.com,2020-01-13 13:47:10,"Pasta salmone e mandorle con crema di broccoletti
Ricetta qui: https://t.co/fG8XlZUsyE
 #ricette #food #foodblog #cucina #cucinaitaliana https://t.co/EEiVYfuDff",1,0
trovaricetta.com,2020-01-13 13:17:06,"Lasagne di polenta al ragù
Ricetta di @CucinaconmiaSor qui: https://t.co/iU7foV39Cy
 #ricette #food #foodblog #cucina #cucinaitaliana https://t.co/LBsaOrEb6K",1,2
trovaricetta.com,2020-01-13 12:47:20,"Gnocchi di zucca
Ricetta di @Ricette_MammaLu qui: https://t.co/lDUqCywSvG
 #ricette #food #foodblog #cucina #cucinaitaliana https://t.co/ROdorD8Gqo",3,3
trovaricetta.com,2020-01-13 12:17:05,"Alberelli ripieni di ricotta e speck
Ricetta di @SweetMoments94 qui: https://t.co/333wry9wqE
 #ricette #food #foodblog #cucina #cucinaitaliana https://t.co/Ursr3yC0IH",3,0
trovaricetta.com,2020-01-13 11:47:09,"Pesto di cavolo nero
Ricetta di @cucinoconpoco qui: https://t.co/ovBvyjtF0X
 #ricette #food #foodblog #cucina #cucinaitaliana https://t.co/vCsYpn82X3",3,1
trovaricetta.com,2020-01-13 11:17:05,"CORONA DI RISO BASMATI AL CURRY CON POLPETTE AL SUGO
Ricetta qui: https://t.co/PI9a5vK1ka
 #ricette #food #foodblog #cucina #cucinaitaliana https://t.co/w4twZpd66K",4,8
trovaricetta.com,2020-01-13 10:47:10,"POLENTA GRIGLIATA CON  POLPO IN UMIDO
Ricetta qui: https://t.co/Wr7Zfa9Skl
 #ricette #food #foodblog #cucina #cucinaitaliana https://t.co/3lr58vWot5",4,5
trovaricetta.com,2020-01-13 10:17:04,"Nidi di linguine integrali  e verdure al forno
Ricetta qui: https://t.co/H60wnCnpqT
 #ricette #food #foodblog #cucina #cucinaitaliana https://t.co/k2Hzb1A3kI",3,0
trovaricetta.com,2020-01-13 09:47:20,"Pandolce genovese basso
Ricetta di @BallariniIvana qui: https://t.co/F3cJ1KvbY6
 #ricette #food #foodblog #cucina #cucinaitaliana https://t.co/ViLH1dckWt",4,1
trovaricetta.com,2020-01-13 09:17:04,"Crostata frangipane alle pere
Ricetta di @Spignattando76 qui: https://t.co/jYdpAjeGN7
 #ricette #food #foodblog #cucina #cucinaitaliana https://t.co/ui1UeYPHhB",4,1
trovaricetta.com,2020-01-13 08:47:10,"Chiffon cake al caffè e cacao
Ricetta di @gustacinema qui: https://t.co/SJTsByL5Gd
 #ricette #food #foodblog #cucina #cucinaitaliana https://t.co/Ru5MQho4Mu",2,0
trovaricetta.com,2020-01-13 08:17:04,"Semifreddo ai frutti di bosco
Ricetta qui: https://t.co/6ly24kJCn7
 #ricette #food #foodblog #cucina #cucinaitaliana https://t.co/4Z8xSvogNj",1,6
trovaricetta.com,2020-01-13 07:47:14,"Ciambella dei Re Magi Light Roscon de Reyes
Ricetta di @fit_with_fun qui: https://t.co/acbnCDuKUt
 #ricette #food #foodblog #cucina #cucinaitaliana https://t.co/u7qYurempw",4,3
trovaricetta.com,2020-01-13 07:17:04,"Torta Soffice alla Cannella
Ricetta qui: https://t.co/gF9VmmDqa3
 #ricette #food #foodblog #cucina #cucinaitaliana https://t.co/BxvoTJQJMO",4,3
trovaricetta.com,2020-01-12 15:17:05,"Amaretti secchi, ricetta semplice con soli albumi
Ricetta qui: https://t.co/1S8xlnYYSD
 #ricette #food #foodblog #cucina #cucinaitaliana https://t.co/LOi1o6flSz",6,2
trovaricetta.com,2020-01-12 14:47:14,"Mousse di castagne
Ricetta qui: https://t.co/OlA8LP23DG
 #ricette #food #foodblog #cucina #cucinaitaliana https://t.co/hUSB8QUuV7",1,5
trovaricetta.com,2020-01-12 14:17:05,"Budino vegan al cioccolato fondente con mandorle la ricetta
Ricetta di @VerdeinTavola qui: https://t.co/zt8GDGRRoE
 #ricette #food #foodblog #cucina #cucinaitaliana https://t.co/kmBzNnJi0E",3,4
trovaricetta.com,2020-01-12 12:47:14,"Pasta al forno con ragù bianco e zucca gialla
Ricetta qui: https://t.co/yvK2CaOZsN
 #ricette #food #foodblog #cucina #cucinaitaliana https://t.co/2kh1P0rbk8",3,0
trovaricetta.com,2020-01-12 12:17:04,"Pasta al forno con le polpette
Ricetta qui: https://t.co/UzeDbz07Ar
 #ricette #food #foodblog #cucina #cucinaitaliana https://t.co/fz6IrNppI4",1,4
trovaricetta.com,2020-01-12 11:47:04,"gnocchi ragu fagioli
Ricetta qui: https://t.co/nSPBACNntK
 #ricette #food #foodblog #cucina #cucinaitaliana https://t.co/5GLe0vXbEX",3,1
trovaricetta.com,2020-01-12 11:17:04,"Funghi pleurotus trifolati
Ricetta di @ApritiS qui: https://t.co/caqJCJ30TM
 #ricette #food #foodblog #cucina #cucinaitaliana https://t.co/ON5vItjKVa",4,3
trovaricetta.com,2020-01-12 10:47:03,"Penne integrali con pesto di peperoni, pecorino e noci
Ricetta di @mathincucina qui: https://t.co/mM9Mz6v7rS
 #ricette #food #foodblog #cucina #cucinaitaliana https://t.co/XVlW70xlVo",8,5
trovaricetta.com,2020-01-12 10:17:04,"Crostini di polenta con crema al gorgonzola e noci
Ricetta qui: https://t.co/wqQ4YkOarW
 #ricette #food #foodblog #cucina #cucinaitaliana https://t.co/OQzhT6YNQN",4,8
trovaricetta.com,2020-01-12 09:47:15,"Mele cotte al forno alla cannella: la ricetta che viene una bomba
Ricetta di @LiliMadeleine1 qui: https://t.co/S7r6NkU03K
 #ricette #food #foodblog #cucina #cucinaitaliana https://t.co/XPw44TYL1c",5,7
trovaricetta.com,2020-01-12 09:17:04,"BISCOTTI CON FARINA DI RISO SOLO CON ALBUMI
Ricetta qui: https://t.co/lJHJq5GPsp
 #ricette #food #foodblog #cucina #cucinaitaliana https://t.co/gh35qft4Px",5,5
trovaricetta.com,2020-01-12 08:47:03,"Albero di meringhe -Christmas meringue tree
Ricetta di @dolcidasogno qui: https://t.co/tChWlzeuhD
 #ricette #food #foodblog #cucina #cucinaitaliana https://t.co/tRidJwlFO1",2,3
trovaricetta.com,2020-01-12 08:17:04,"Torta alle pere e succo d’arancia
Ricetta di @michelesroma qui: https://t.co/PS5KWjc2Au
 #ricette #food #foodblog #cucina #cucinaitaliana https://t.co/Tt6TC3rcaK",6,8
trovaricetta.com,2020-01-12 07:47:14,"Plumcake yogurt e cioccolato
Ricetta qui: https://t.co/9xORjzx0ou
 #ricette #food #foodblog #cucina #cucinaitaliana https://t.co/nAMupBOLUp",4,1
trovaricetta.com,2020-01-12 07:17:04,"Biscotti con farina di sorgo e di piselli, naturalmente dolci e gustosi
Ricetta di @laNonnaPaperina qui: https://t.co/vf4iLrKBYp
 #ricette #food #foodblog #cucina #cucinaitaliana https://t.co/kBDD5VRXyw",3,0
trovaricetta.com,2020-01-11 18:17:04,"Albero di Panini alle erbe
Ricetta qui: https://t.co/SDLpLrLyfw
 #ricette #food #foodblog #cucina #cucinaitaliana https://t.co/J3buE1M2IQ",1,0
trovaricetta.com,2020-01-11 17:47:19,"Sangria bianca d’inverno, con agrumi e spezie
Ricetta di @PosateSpaiate qui: https://t.co/3DRMV5Sjxs
 #ricette #food #foodblog #cucina #cucinaitaliana https://t.co/iCz6Kzsit6",4,1
trovaricetta.com,2020-01-11 17:17:05,"Lasagne salmone e pistacchio
Ricetta di @ladypepperblog qui: https://t.co/eLIb1ug2fA
 #ricette #food #foodblog #cucina #cucinaitaliana https://t.co/A5MDJgXjk4",3,1
trovaricetta.com,2020-01-11 13:47:09,"Knackebrod  (pane svedese)
Ricetta di @Mely822 qui: https://t.co/HQ5T7YV5yU
 #ricette #food #foodblog #cucina #cucinaitaliana https://t.co/8gQn6P3KmT",2,0
trovaricetta.com,2020-01-11 13:17:04,"Ricetta – Trippa e fagioli
Ricetta di @corrlaur qui: https://t.co/vD1k1YAhs9
 #ricette #food #foodblog #cucina #cucinaitaliana https://t.co/acxsLr1Qoz",4,3
