screen_name,date,text,retweet_count,ratio
OriettasRecipes,2020-01-23 18:13:47,La mia cena! Mozzarella in carrozza ğŸ·ğŸ·â˜ºï¸. Voi cosa mangiate? https://t.co/Q8p9aVL9QY #ThursdayMotivation #FelizJueves #Food #23gennaio https://t.co/iapJYUHZ0u,19,0.0028761731759006964
OriettasRecipes,2020-01-23 11:42:55,"Buon pranzo a tutti! ğŸ˜‹ Oggi spatzle con filetti di rana pescatrice, ğŸ˜‰ ğŸ· vi piacciono? Spero di sÃ¬ â˜ºï¸https://t.co/kwXIjX0LC8 #ThursdayMotivation #FelizJueves #foodie #food #23gennaio #yummy https://t.co/JprM28Q7oH",14,0.002119285498032092
OriettasRecipes,2020-01-23 07:55:06,"Eccomi con la miağŸ˜ NUOVA ğŸ˜ ricetta, per colazione o a merenda il  Plumcake al caffÃ¨ â˜• ricoperto di ğŸ« ğŸ˜˜ğŸ˜˜ Ã¨ perfetto! Goloso!. Felice giornata ğŸ’• https://t.co/btrfGkLWft #ThursdayMotivation #FelizJueves #23gennaio #Food https://t.co/Nj62XBVEob",25,0.002876173175900696
OriettasRecipes,2020-01-22 17:59:47,Ãˆ quasi ora di cena! Io ho un po' di fame  â˜ºï¸â˜ºï¸. Che ne dite di questo filetto di spigola al forno con olive taggiasche e pomodori secchi? ğŸ˜‹ ğŸ˜‹ https://t.co/23yEiKfG5X #WednesdayMotivation #FelizMiercoles #22gennaio #Food https://t.co/CQamdGd3ie,24,0.0036330608537693005
OriettasRecipes,2020-01-22 11:30:14,Arriva l'ora di pranzo e viene voglia di un piatto di pasta caldo e fumante â˜ºï¸â˜ºï¸ oggi Pasta calamarata con crema di zucca e besciamella croccante â˜ºï¸. https://t.co/i5yDvtcTpO #WednesdayMotivation #FelizMiercoles #food #22gennaio https://t.co/WRtGil5Anh,26,0.003935815924916742
OriettasRecipes,2020-01-22 07:32:07,Chi vuole un muffin ripieno di crema al limone? ğŸ’•ğŸ’•. Buongiorno â˜ºï¸.. ğŸ’Œ https://t.co/9SvoHlYn3w #WednesdayMotivation #FelizMiercoles #food #22gennaio https://t.co/U4itnD9hmX,35,0.0052982137450802306
OriettasRecipes,2020-01-21 18:10:41,Stasera cena leggera gustosa e perfetta anche per i miei amici vegetariani â˜ºï¸â˜ºï¸. Hamburger vegetariani di patate dolci ğŸ˜˜https://t.co/fP1wOUXFmV #TuesdayMotivation #FelizMartes #foodie #food #21gennaio https://t.co/AEFHVqS8D6,13,0.0010596427490160462
OriettasRecipes,2020-01-21 11:56:19,Oggi propongo  lo stufato di manzo speziato con  riso ğŸ·ğŸ·. Buon pranzo ğŸ‘©ğŸ»â€ğŸ³ğŸ³ğŸ‘©ğŸ»â€ğŸ³ https://t.co/xgVL1ME2sw #TuesdayMotivation #FelizMartes #foodie #food #21gennaio https://t.co/f264KYLxbi,18,0.0010596427490160462
OriettasRecipes,2020-01-21 07:19:28,Per una colazione golosa e piena di dolcezza oggi una fetta di torta al cioccolato bianco e limone ğŸ‹ ğŸ˜‹ â¤ï¸. Una serena giornata a tutti voi ğŸ’•https://t.co/8ZeqbZH8kc #TuesdayMotivation #FelizMartes #foodie #food #21gennaio https://t.co/ErCndDHPlX,34,0.0051468362095065095
OriettasRecipes,2020-01-20 18:32:47,"Buona sera amici  ğŸ·â˜ºï¸. A gran richiesta della mia famiglia, stasera per cena spezzatino di manzo all'indiana con patate alla curcuma ğŸ˜‹ https://t.co/5UVCapYp3B #MondayMotivation #FelizLunes #Food #20gennaio https://t.co/wpyy8x1Gcl",19,0.0028761731759006964
OriettasRecipes,2020-01-20 11:52:13,"Buon pranzo a tutti, oggi io cous cous di pesce ğŸ˜‹ ğŸ³leggero, buono,adatto proprio al pranzo di lunedÃ¬! https://t.co/STRgpnnmxq #MondayMotivation #FelizLunes #Food #20gennaio https://t.co/pHG8QxIvD8",13,0.001967907962458371
OriettasRecipes,2020-01-20 07:49:20,Una fetta di torta di rose all'olio ğŸŒ¹ğŸ˜ğŸŒ¹e si riparte. Splendido inizio settimana a tutti e buon lavoro ğŸ˜˜ ğŸ˜˜ ğŸ˜https://t.co/awj2Eqa17H #MondayMotivation #FelizLunes #Food #foodie #20gennaio https://t.co/wycldWJjdo,27,0.004087193460490464
OriettasRecipes,2020-01-19 18:30:40,"Stasera focaccia ripiena! Birra ğŸ» scura, pigiama, divano e film ğŸ“½ ğŸ˜ğŸ˜ğŸ˜. Felice serata a tutti ğŸ¥https://t.co/faenodqDpT #19gennaio #FelizDomingo #SundayMotivation https://t.co/3gpzk8ctIz",30,0.004541326067211626
OriettasRecipes,2020-01-19 14:45:18,"Tengo i giorni chiari, quelli scuri li rendo al destino.
(Zsuzsa BÃ¡nk) buon pomeriggio ğŸ˜˜ ğŸ’• #BuonaDomenica #19gennaio #FelizDomingo #felizdomingoatodos https://t.co/TJAgpLIVTu",10,0.0015137753557372081
OriettasRecipes,2020-01-19 11:53:30,Le lasagne sono il piatto principe della domenica â˜ºï¸ ğŸ’! Siete d'accordo con me? Oggi quindi!!!! ğŸ˜ lasagne di zucchine ğŸ˜‹ https://t.co/CL6s3h8jp4 #BuongiornoATutti #BuonaDomenica #SundayMotivation #FelizDomingo #19gennaio https://t.co/Vx3sxLUhDX,29,0.004389948531637906
OriettasRecipes,2020-01-19 08:46:46,Pronti! ğŸ˜‹ ğŸ˜‹ ğŸ˜‹ #BuonaDomenica #19gennaio #SundayMorning #pancakes #FelizDomingo https://t.co/UkGwynw0dK,7,0.0010596427490160462
OriettasRecipes,2020-01-19 07:41:45,Buona domenica amici! Spero possiate riposare e godervi una buona colazione! Oggi pancakes ğŸ¥ â¤ï¸ ğŸ¥ https://t.co/SAAIjC3CWY #sunday #buonadomenica #19gennaio #felizdomingoatodos https://t.co/P1zS1JR2VH,34,0.005146836209506509
OriettasRecipes,2020-01-18 18:44:17,Stasera tutti a casa mia ğŸ¡! Pizza per tutti ğŸ• ğŸ• ğŸ• ğŸ•!!ğŸ» Vi aspetto ğŸºğŸºğŸ˜˜ğŸ˜˜ğŸ˜ƒ #pizza #SaturdayMotivation #FelizSabado #food #18gennaio https://t.co/UHnDPMuPrF,27,0.004087193460490464
OriettasRecipes,2020-01-18 11:35:38,"Buon pranzo ğŸ˜‹ ğŸ˜‹ oggi ricco, gustoso, speciale! Tutto in una ricetta. Sobrebarriga, costolette di maiale alla colombiana ğŸ· https://t.co/3xsrzrGFdV #food #18gennaio #yummy #food #SaturdayMotivation #FelizSabado https://t.co/WICAWrs06p",16,0.0024220405691795337
OriettasRecipes,2020-01-18 10:45:26,"Fuori â˜” piove, il cielo Ã¨ grigio e fa anche ğŸ” freddo ma ğŸ’–ğŸ’–, il calore, il colore e l'allegria la portiamo noi, sempre, con i gesti gli sguardi ed i sorrisi. #amoresempre #18gennaio https://t.co/M24aCKNHQg",9,0.001362397820163488
OriettasRecipes,2020-01-18 07:42:55,"Felice sabato! ğŸ˜˜Chi fa colazione con me? Biscotti al doppio cioccolato ğŸ˜‹, quindi doppia dolcezza ğŸ˜ğŸ˜˜https://t.co/5PljB2Qp9o #SaturdayMotivation #FelizSabado #food #18gennaio #yummy #cioccolato https://t.co/tUPg8cYqSz",25,0.003784438389343022
OriettasRecipes,2020-01-17 18:09:56,Stasera cena a base di pesce! Tonno alla piastra con salsa di soia e menta ğŸ˜‹ ğŸ˜‹. Veloce sano e gustoso. La ricetta â¬‡ï¸ https://t.co/RMDtXeq6tP #food #FridayMotivation #FelizViernes #weekend #17gennaio https://t.co/Hn2G3WWAPD,21,0.0031789282470481373
OriettasRecipes,2020-01-17 11:57:39,"Buon pranzo, io oggi pranzo leggero con il mio  cous cous alle verdure speziato ğŸ˜ğŸ˜˜. ğŸ·. Buon appetito #FridayMotivation #FelizViernes #food #foodie #venerdi17 #17gennaio https://t.co/bRXUw8oE4L",27,0.004087193460490463
OriettasRecipes,2020-01-17 07:51:15,Buongiorno e grazie ancora a tutti per gli auguri!!! ğŸ˜ ğŸ˜ ğŸ˜ğŸ˜˜ğŸ˜â¤ï¸Oggi colazione salata con i miei Panini al latte! Voi dolce o salata quale scegliete? https://t.co/xgC8CPCg4e #food #FelizViernes #venerdi17 #foodie https://t.co/5QUuXECpBm,19,0.002876173175900696
Cucina_Italiana,2020-01-23 23:46:11,E all'improvviso ti salgono questi dubbi che non ti fanno prendere sonno! #arachidi  ğŸ˜‚ ğŸ¤” https://t.co/y1iFVMvXnQ,0,0.0
Cucina_Italiana,2020-01-23 23:03:20,I consigli per la prossima settimana ğŸ˜ https://t.co/zAQFt8Cjzf,1,0.0
Cucina_Italiana,2020-01-23 22:14:44,"Una cena per sostenere il progetto Bass, un ausilio che consente alle persone disabili di provare lo snowboard ğŸ’• https://t.co/h4ALTWH0DM",0,0.0
Cucina_Italiana,2020-01-23 21:25:44,"A tutte le volte che, tornati a casa, ci inventiamo la cena con quel che c'Ã¨!  
#gattÃ²  #gattÃ²dipatate  #patate  https://t.co/7iqH0bloV7",2,0.0
Cucina_Italiana,2020-01-23 20:37:09,Non Ã¨ che ne avete ancora qualcuno in giro per casa? ğŸ˜„ https://t.co/82yBhaO8Pe,2,1.2800163842097178e-05
Cucina_Italiana,2020-01-23 19:47:40,Il grande amore ğŸ’– #SanValentino  https://t.co/uF9EgfFUd8,0,0.0
Cucina_Italiana,2020-01-23 18:59:41,Consigli dagli amici sardi? #FREGOLA  ğŸ˜‹ https://t.co/cKPKrPQDtA,2,0.0
Cucina_Italiana,2020-01-23 18:17:35,Ogni tanto ci torna in mente e ci viene voglia di cucinare il #pollo cosÃ¬ ğŸ˜‹ https://t.co/y5QfNEaCFw,1,0.0
Cucina_Italiana,2020-01-23 17:42:14,Come ve la cavate con la pasta fillo? ğŸ¤” https://t.co/TRvunceLHw,6,5.1200655368388706e-05
Cucina_Italiana,2020-01-23 17:02:10,"#Impanare, amore e fantasia ğŸ˜ https://t.co/KPItYeBVl5",4,5.1200655368388706e-05
Cucina_Italiana,2020-01-23 16:28:47,Da spalmare sul pane Ã¨ davvero eccezionale ğŸ˜ https://t.co/PaDxhqjaII,4,3.840049152629152e-05
Cucina_Italiana,2020-01-23 16:06:06,LA RICETTA â¬‡ #Wellington https://t.co/EDN8bF7bkv,4,7.680098305258307e-05
Cucina_Italiana,2020-01-23 15:44:46,Ecco tante ricette dolci con le mele â¬‡ https://t.co/cCRdBE5JEz,0,3.840049152629153e-05
Cucina_Italiana,2020-01-23 15:14:12,#Pizza fatta in casa! Ecco la ricetta semplice semplice ğŸ• https://t.co/8R3ubmHpYD,4,2.5600327684194363e-05
Cucina_Italiana,2020-01-23 14:35:51,Usiamolo bene questo freezer!  ğŸ˜‰ https://t.co/WyGDTxyLlv,1,2.5600327684194356e-05
Cucina_Italiana,2020-01-23 14:12:55,"Che dire di questo piatto...divino!
#millefoglie #ricotta #bufala #friarielli   https://t.co/h9pkFQFC7M",1,1.2800163842097178e-05
Cucina_Italiana,2020-01-23 13:35:50,"La #FestaDiPrimavera, meglio conosciuta come #CapodannoCinese Ã¨ alle porte! Scopriamo tutte le usanze e le buone maniere prima di entrare nell'anno del topo ğŸ­ #annodeltopo  https://t.co/9FZ5dZtU3D",0,0.0
Cucina_Italiana,2020-01-23 13:17:51,"Anche se durante le feste abbiamo esagerato un po' a questo #dolce non potete dire di no!
#cioccolato #torta   https://t.co/Ve9jEZOdSt",0,5.120065536838871e-05
Cucina_Italiana,2020-01-23 12:54:04,"Un #raviolo alternativo, a volte basta cambiare la farina e il gusto si trasforma! ğŸ’š https://t.co/EDWsruO2wF",0,0.0
Cucina_Italiana,2020-01-23 12:10:50,La strepitosa ricetta del #timballo Â«delle roseÂ»  ğŸŒ¹ğŸ˜ https://t.co/fusHvEBTkO,3,0.0
Cucina_Italiana,2020-01-23 11:43:19,Noi ve la buttiamo lÃ¬. Ma non perdete l'occasione di provare queste ricette ğŸ˜‹ https://t.co/TcqJ9tdA6L,0,2.5600327684194356e-05
Cucina_Italiana,2020-01-23 11:21:34,La versione salata Ã¨ buonissima ğŸ˜ https://t.co/CMTxvm3kuR,3,5.1200655368388706e-05
Cucina_Italiana,2020-01-23 10:49:55,"Le scaloppine,  in ogni variante son fantastiche: oggi ai funghi! https://t.co/40VOxVjkPC",1,2.5600327684194356e-05
Cucina_Italiana,2020-01-23 10:07:20,Vome siete messi con l'agrodolce? ğŸ˜Š https://t.co/2ZCd1mLpPe,0,2.5600327684194356e-05
Cucina_Italiana,2020-01-23 09:32:29,Il pesce da mangiare in inverno. Noi ve lo consigliamo cosÃ¬ ğŸ˜ https://t.co/0gVgNlwCMt,6,6.400081921048589e-05
Cucina_Italiana,2020-01-23 08:48:42,Non Ã¨ #pasta solo per #vegani! Occhio! ğŸ˜‰ https://t.co/w18eUmKNDL,1,0.0
Cucina_Italiana,2020-01-23 08:00:54,"Rilettura del famoso #risotto alla Giuseppe Verdi, al posto degli asparagi, che non sono ancora di stagione, abbiamo optato per i #carciofi ğŸ˜‹ https://t.co/I7qphVTQ6M",0,0.0
Cucina_Italiana,2020-01-23 06:33:35,"Che ne dite,la prepariamo da portare in ufficio?  
#insalata  #salad  #lunchbox  #schiscetta  #pausapranzo  https://t.co/LLIaBGEvy6",1,0.0
Cucina_Italiana,2020-01-23 06:11:57,"Un #dessert veramente semplice, e guardate che bello! 
#pere  #sfoglia  https://t.co/Z9k27w7bOM",5,6.400081921048589e-05
Cucina_Italiana,2020-01-23 05:46:14,Una colazione di lusso! #crostata ğŸ˜ƒ https://t.co/3sZehWy6Rv,2,5.1200655368388726e-05
Cucina_Italiana,2020-01-23 05:00:22,Per iniziare la giornata con una carica di energia: #PROTEINE! #colazione  ğŸ³ğŸ’ª https://t.co/NXQcZmG9Fp,1,2.5600327684194356e-05
Cucina_Italiana,2020-01-22 23:31:02,La #crema golosa al #cioccolato che stupisce per quel tocco agrumato ğŸ¤¤  https://t.co/SXzELC9L9I,2,2.560032768419436e-05
Cucina_Italiana,2020-01-22 22:47:41,Riposatevi con il blu! Guardate qui â¬‡ https://t.co/FRPnQyM5H7,0,3.840049152629153e-05
Cucina_Italiana,2020-01-22 22:18:23,"I lÄmiÃ n æ‹‰é¢ sono gli #spaghetti cinesi tirati a mano, ecco le varietÃ , le differenze regionali e come farli a casa ğŸ˜‹ https://t.co/hqS93jBWWv",3,2.5600327684194356e-05
Cucina_Italiana,2020-01-22 22:11:29,Ha un'origine antichissima ed Ã¨ il simbolo della cucina di Verona... https://t.co/qlFWpS9L2Q,2,0.0
Cucina_Italiana,2020-01-22 21:26:14,Vi piace l'idea di usare la #zucca come contenitore delle vostre creme? Ovviamente con la polpa di zucca che avete scavato potete fare una bella vellutata ğŸ˜œ https://t.co/DkPkk4sS3b,0,1.2800163842097178e-05
Cucina_Italiana,2020-01-22 20:41:50,Ma guarda un po'! ğŸ¤” https://t.co/5YW5GsTV7p,2,3.8400491526291536e-05
Cucina_Italiana,2020-01-22 20:20:33,"Se siete a Roma, non perdetevelo! ğŸ˜ https://t.co/0R8ONoYhYh",2,5.120065536838871e-05
Cucina_Italiana,2020-01-22 19:37:35,Quel terribile mal di testa! Attenti a cosa mangiamo! #malditesta  ğŸ˜– https://t.co/XtyipdYjNu,1,0.0
Cucina_Italiana,2020-01-22 19:11:02,Questa #dieta pare che funzioni. Ma parlatene sempre con un medico! #Fiorello  ğŸ˜‰ https://t.co/fOcxzs4O9L,2,2.5600327684194356e-05
Cucina_Italiana,2020-01-22 18:23:52,"Il freddo si fa sentire e noi abbiamo lo combattiamo cosÃ¬! ğŸ²ğŸ˜‹ 
#zuppa  #cicoria  #fregula  https://t.co/egJ0Yoe8YQ",5,2.5600327684194363e-05
Cucina_Italiana,2020-01-22 17:52:19,Provate la nostra ricetta! Guardate il video! #baccalÃ  #legumi  â¬‡â¬‡â¬‡ https://t.co/6WPwk5tayq,1,0.0
Cucina_Italiana,2020-01-22 16:30:02,Fatto in casa Ã¨ un'altra cosa! #Cordonbleu ğŸ˜ https://t.co/Wz8iFTHXRe,1,2.5600327684194356e-05
Cucina_Italiana,2020-01-22 15:56:39,Tutti i segreti del pan brioche! ğŸ˜ #panbrioche https://t.co/Laxdzb2air,2,2.5600327684194356e-05
Cucina_Italiana,2020-01-22 15:55:04,"Ecco: in questo preciso momento vorrei essere seduto in una baita alpina, dopo una lunga giornata di sci, e con in mano un #bombardino! ğŸ¤— https://t.co/f3nyf1ujgE",0,0.0
Cucina_Italiana,2020-01-22 15:23:29,Oggi a #merenda lo proviamo cosÃ¬ ğŸğŸ˜‹ https://t.co/4HNt2TzMZF,0,2.5600327684194356e-05
Cucina_Italiana,2020-01-22 15:10:02,"Precisi, precisi! ğŸ˜‹ https://t.co/TtBLkDTk36",1,5.1200655368388726e-05
Cucina_Italiana,2020-01-22 15:03:06,E voi come lo preparate? #spezzatino ğŸ™‚ https://t.co/qtzz0fovJH,1,5.120065536838871e-05
Cucina_Italiana,2020-01-22 14:33:47,"Fatela cosÃ¬, e non vi pentirete ğŸ˜‹ #Tartetatin https://t.co/5jggXQZ9RN",2,2.5600327684194356e-05
Cucina_Italiana,2020-01-22 14:06:39,Una #cena impegnativa ğŸ˜‚ğŸ˜ https://t.co/s70hoOpBUa,0,0.0
Cucina_Italiana,2020-01-22 13:45:52,Tanto buone quanto belle... https://t.co/0JEp84Zfb0,0,0.0
Cucina_Italiana,2020-01-22 13:19:45,"Avete mai preparato questi golosi #dolcetti francesi?  
#eclairs  https://t.co/FiBXDCoYnO",0,0.0
Cucina_Italiana,2020-01-22 12:51:30,"E facciamocela sta spaghettata! 
#spaghetti  #pasta  https://t.co/GBwW1Oby5j",0,0.0
Cucina_Italiana,2020-01-22 12:20:58,Un altro modo per portare a tavola le #uova ğŸ¥š https://t.co/AAJrZhos6k,1,5.120065536838871e-05
Cucina_Italiana,2020-01-22 11:52:26,"Uno piÃ¹ buono dell'altro! Ecco il segreto #salmone  ğŸ˜‹
 https://t.co/AQCYt53I0y",2,2.5600327684194363e-05
Cucina_Italiana,2020-01-22 11:27:05,Tanti nomi e tante mani per la pasta fresca pugliese! E ora si vola a New York... ğŸ˜ https://t.co/jSCFNELW83,1,2.5600327684194356e-05
Cucina_Italiana,2020-01-22 10:58:08,"Vi suggeriamo uno spuntino...
#crostini #scgombro #arancia #agrumi  https://t.co/SMgRF1U1zN",0,0.0
Cucina_Italiana,2020-01-22 10:38:22,Una buona idea ğŸ˜‰ https://t.co/p7IPQZSGVZ,0,0.0
Cucina_Italiana,2020-01-22 10:09:38,Oggi si va di #brodo! #pollo   https://t.co/fLwbNY2DFJ,0,0.0
Cucina_Italiana,2020-01-22 09:19:35,"Noi ve li abbiamo proposti in versione pollo, ma potete optare anche per una dadolata di pesce, tonno, salmone o rana pescatrice sono prefetti!  
#paccheri  #pasta  https://t.co/IzpsWektzI",2,0.0
Cucina_Italiana,2020-01-22 08:42:12,Facciamo le torte con la pasta frolla! ğŸ˜˜ https://t.co/utQ1uund9i,1,2.5600327684194356e-05
Cucina_Italiana,2020-01-22 07:57:35,"La semplicitÃ  Ã¨ l'arma vincente per preparare grandi #torte fatte in casa ğŸ˜ 
#22gennaio  #buongiorno  #colazione  https://t.co/jNqDAzpet3",8,0.00010240131073677743
Cucina_Italiana,2020-01-22 07:28:00,"Per quelli che non hanno la minima intenzione di pensare alla dieta... 
#crostata #22gennaio #torte #buongiorno #colazione  https://t.co/2PNcBKT5e3",0,0.0
Cucina_Italiana,2020-01-22 07:02:21,Ne vogliamo... mangiare! #pasta  ğŸ˜‹ https://t.co/7M4sypHM8H,1,0.0
Cucina_Italiana,2020-01-22 05:01:01,Una super colazione per sentirsi fortissimi! ğŸ’ªğŸ’ª #Budwig  https://t.co/XrUN3GoFIr,1,2.560032768419436e-05
Cucina_Italiana,2020-01-21 23:30:28,"Le nuvole non sono mai state cosÃ¬ dolci!  
#meringhe  https://t.co/Xhpzt5pwl8",2,0.0
Cucina_Italiana,2020-01-21 22:35:34,"Storia, ricetta e dove trovarla! ğŸŒ¹Che volete di piÃ¹? https://t.co/u4S0niCABN",6,2.5600327684194356e-05
Cucina_Italiana,2020-01-21 21:51:58,"Guardate che gran bottino abbiamo nel piatto!
#panzerotti #porri  https://t.co/cAbq4IXuZ0",2,2.5600327684194356e-05
Cucina_Italiana,2020-01-21 21:01:33,Per gli amanti del rosa! ğŸ˜‰ https://t.co/PT9I33bkBZ,1,0.0
Cucina_Italiana,2020-01-21 20:19:20,"Se state tossendo, prendete subito del cioccolato! (Ma anche se non state tossendo, non non faremo la spia!) ğŸ˜‚ ğŸ« #cioccolato #tosse  https://t.co/zQaL58TsVy",3,3.840049152629152e-05
Cucina_Italiana,2020-01-21 19:24:15,"Conservare, riciclare, preparare qualcosa di squisito! Ãˆ la volta del #salmone ğŸ˜ https://t.co/aTP3V0nblB",1,0.0
Cucina_Italiana,2020-01-21 18:50:46,"Con un morso finirete in paradiso ğŸ¤¤
#pane #fonduta  https://t.co/KwsnQfHp8O",5,2.5600327684194356e-05
Cucina_Italiana,2020-01-21 17:55:15,Avete ripreso ad andare in palestra dopo le abbuffate natalizie? Occhio a cosa mangiate prima dell'allenamentoğŸ’ª https://t.co/TrILzJ1MTb,0,0.0
Cucina_Italiana,2020-01-21 17:26:26,"Il 24 gennaio comincia lâ€™anno del topo, con la vigilia e il tradizionale cenone di #capodanno. Come e dove festeggiarlo, fra Chinatown e gli altri ristoranti milanesi, che propongono menu festosi di gran livello ğŸ˜‹
#capodannocinese #annodeltopo  https://t.co/dt0wX2Sq0b",1,3.840049152629153e-05
Cucina_Italiana,2020-01-21 16:52:14,"Una #pastella eccezionale, il vostro #fritto ne gioverÃ  in leggerezza ğŸ˜œ https://t.co/soVUO2hDjh",3,5.1200655368388726e-05
Cucina_Italiana,2020-01-21 16:32:23,"Amici a #cena? Questa potrebbe essere un'idea, no? #pizza  ğŸ• https://t.co/1UgJZWMfql",3,0.0
Cucina_Italiana,2020-01-21 16:01:02,Facciamo una buona #merenda #Madeleines ğŸ˜ https://t.co/6PvIHAnAEp,7,2.560032768419436e-05
Cucina_Italiana,2020-01-21 15:21:48,Ci vuole un fisico bestiale! ğŸ˜ #CristianoRonaldo #Juventus #CristianoRonaldo https://t.co/d9FHhlc7Hk,1,0.0
Cucina_Italiana,2020-01-21 14:37:25,Calorie? Si vabbÃ¨... ğŸ˜‚ğŸ˜‹ https://t.co/ii9dTKp59z,0,2.5600327684194363e-05
Cucina_Italiana,2020-01-21 14:00:47,A voi la scelta! #fonduta #fondue  ğŸ˜‹ https://t.co/6L1qTKKAXZ,1,3.840049152629154e-05
Cucina_Italiana,2020-01-21 13:10:06,"Una #merenda divertente da fare con tutta la famiglia â¤
#grissini #crema #dolce  https://t.co/nEvY8eJTmo",2,0.00016640212994726333
Cucina_Italiana,2020-01-21 12:45:32,Come utlizzare l'aquafaba ğŸ˜ƒ #aquafaba https://t.co/d9lHjgRq4r,0,0.0
Cucina_Italiana,2020-01-21 12:18:39,"Una minestra calda, quando Ã¨ inverno, piace sempre! ğŸ˜‹ https://t.co/IwfILC4HGP",2,3.840049152629152e-05
Cucina_Italiana,2020-01-21 11:49:44,"Com'Ã¨ andato il Blue Monday? Ok, non pensiamoci piÃ¹. Oggi Ã¨ martedÃ¬ e vediamo di sistemare il resto della settimana: mangiando bene e cucinando rapidamente, per esempio ğŸ˜ https://t.co/rpDcjV3Iw7",1,1.2800163842097178e-05
Cucina_Italiana,2020-01-21 11:23:25,"Queste sono le torte salate che piacciono a noi!
#quiche #tortasalata   https://t.co/yEpK6mhlV2",2,2.5600327684194356e-05
Cucina_Italiana,2020-01-21 10:56:02,Buon appetito a tutti! ğŸ’š https://t.co/g83JaQVaFY,0,2.5600327684194356e-05
Cucina_Italiana,2020-01-21 10:25:52,Ormai Ã¨ cosÃ¬ diffuso che possiamo considerarlo un piatto di casa nostra. Ma sapete farlo nel modo giusto? #hummus #ceci   https://t.co/W9jkuMnN7B,3,3.840049152629152e-05
Cucina_Italiana,2020-01-21 10:00:28,"Non so voi, ma io il #TiramisÃ¹ potrei mangiarlo a qualsiasi ora della giorno e della notte! ğŸ˜‹ğŸ˜‹ğŸ˜‹ğŸ˜‹ğŸ˜‹ğŸ˜‹ğŸ˜‹ğŸ˜‹ https://t.co/2P8WHh30FW",1,3.840049152629152e-05
Cucina_Italiana,2020-01-21 09:25:07,Con una marcia in piÃ¹! #cocotte  ğŸ˜ https://t.co/5sfVDXpOEf,0,0.0
Cucina_Italiana,2020-01-21 08:32:07,ATTENZIONE! ğŸ˜‹ #SPEZZATINO https://t.co/AZgjtZF0jW,0,0.0
Cucina_Italiana,2020-01-21 08:13:04,"Basta un buon piatto di #tagliatelle al #ragÃ¹ per mettere d'accordo tutta la famiglia! 
#pasta #pastafresca #pastaalluovo #ragubolognese #italianfood  https://t.co/VEsT4g4OdQ",6,7.680098305258307e-05
Cucina_Italiana,2020-01-21 07:52:50,"ğŸ˜ SENSAZIONALE VERAMENTE ğŸ˜‹
#21gennaio #torta #crostata #mele #lamponi  https://t.co/izcJHOYNh2",5,2.5600327684194356e-05
Cucina_Italiana,2020-01-21 07:31:15,"ğŸ¥›Il #latte che diventa verde ed Ã¨ buonissimo ğŸ˜‹ #matcha 
 https://t.co/XSpCLsCCOS",2,5.120065536838871e-05
Cucina_Italiana,2020-01-21 07:01:39,"Fresco e invitante, mangiar bene ci mette di buon umore!  
#insalata  #salad  #agrumi  #salmone  #carciofi  #arancia  #detox  #light  https://t.co/IgMKx9Nybj",1,0.0
Cucina_Italiana,2020-01-21 05:00:53,Eliminiamo gli ultimi residui dei bagordi delle feste? #21gennaio #dieta #gonfiore ğŸ¤” https://t.co/I8ST8qLnTN,0,0.0
Cucina_Italiana,2020-01-20 23:31:23,Doppia crema all'interno e una copertura super golosa per non farci mancare proprio nulla!  #bigne  #bignÃ¨  #dolci  #dessert  https://t.co/kzgvWXxSf5,0,3.8400491526291536e-05
Cucina_Italiana,2020-01-20 22:31:19,"Nuove mode, antiche origini â¬‡ https://t.co/bMjlwmiFR0",0,0.0
Cucina_Italiana,2020-01-20 21:38:37,Piatto di condivisione che unisce la famiglia intorno ad una #zucca ğŸ˜ https://t.co/sswy3frDe1,0,2.5600327684194356e-05
Cucina_Italiana,2020-01-20 20:45:34,"Cucinare non puÃ² e non deve essere solo una preoccupazione da sbrigare in fretta, tanto per consumare un pasto. Cucinare puÃ² aiutarci a stare meglio e a ritrovare il benessere.  https://t.co/yXhV2okTAD",14,0.0001792022937893605
Cucina_Italiana,2020-01-20 19:53:47,Solo una parola: WOW! https://t.co/MUYJjpBIbJ #roma https://t.co/GAuW5FxKjS,1,1.2800163842097178e-05
Cucina_Italiana,2020-01-20 19:01:35,"Colorato, rinfrescante e benefico. Ecco cos'Ã¨ il mukhwas ğŸ˜ #mukhwas #india #cucinaindiana  https://t.co/imxsknd14K",2,5.120065536838871e-05
Cucina_Italiana,2020-01-20 17:53:15,Questa torta salata Ã¨ SPAZIALE!  https://t.co/3AgslVZnqq,0,1.2800163842097178e-05
Cucina_Italiana,2020-01-20 17:01:13,"Oggi prepariamo questo #dolce squisito della pasticceria francese! 
#financier  #dolci  https://t.co/lhf36Rt1r5",1,1.2800163842097178e-05
Cucina_Italiana,2020-01-20 16:12:00,"Impasto eccezionale, provatelo! 
#focaccia #focaccine  https://t.co/K8kZZ73024",2,3.8400491526291536e-05
Cucina_Italiana,2020-01-20 15:27:21,Li conoscete? Scoprite qui come si preparano ğŸ‘‡ https://t.co/crbyGKl7eU,4,2.560032768419436e-05
Cucina_Italiana,2020-01-20 14:48:46,"Gli yogashi sono dessert dâ€™ispirazione francese o americana, rivisti con gli occhi e gli ingredienti giapponesi. Ecco dove assaggiarli â¬‡ https://t.co/vGwtL63ezr",0,5.120065536838871e-05
Cucina_Italiana,2020-01-20 14:25:21,"Olive ascolane, panzerotti, piadine, tigelle e arancini... Tutto questo vi aspetta il 23 gennaio a @ScuolaLCI ğŸ¤¤ https://t.co/0ZNBAQX4u3 https://t.co/OjLAn4Qw97",3,2.5600327684194356e-05
Cucina_Italiana,2020-01-20 13:57:37,Il prezzemolo fa bene anche ai capelli ğŸ˜Š https://t.co/qctWnWBvIQ,2,3.840049152629153e-05
Cucina_Italiana,2020-01-20 13:35:31,La cena del lunedÃ¬ ğŸ˜Š https://t.co/pkZWg3RFZM,2,0.0
Cucina_Italiana,2020-01-20 12:49:22,"Le porzioni si fanno da sole, una #costoletta a testa e tante buone #puntarelle!  #agnello  #carne  https://t.co/6dF73B6QLN",2,5.120065536838871e-05
Cucina_Italiana,2020-01-20 12:28:26,CHE FAME! https://t.co/R4PZyUSIAN https://t.co/pIyulFsCNo,0,0.0
Cucina_Italiana,2020-01-20 11:54:31,PRONTI PER SFIDA? ğŸ˜± https://t.co/rC4MJE3bOq,0,1.2800163842097178e-05
Cucina_Italiana,2020-01-20 11:36:45,"Il Blue Monday Ã¨ la giornata piÃ¹ triste dell'anno, ma non possiamo accettarlo. Ecco i consigli del coach Roberto Dâ€™Incau per spezzare il circolo della negativitÃ .  https://t.co/4XNt8ZB2uQ #bluemonday",1,0.0
Cucina_Italiana,2020-01-20 11:00:25,"Noi ci sentiamo ispirati! E voi oggi cosa preparate per pranzo?
#lasagne #verza #zucca  https://t.co/PiAc09PYnZ",1,5.120065536838871e-05
Cucina_Italiana,2020-01-20 10:14:29,La torta salata invernale ğŸ˜‹ https://t.co/LprCG8nRLs,1,5.1200655368388726e-05
Cucina_Italiana,2020-01-20 09:35:08,Questa sera abbiamo voglia di scaldarci cosÃ¬!   https://t.co/6tjzHqUo3q,3,0.0
Cucina_Italiana,2020-01-20 09:01:11,Il prezzemolo fa bene anche ai capelli ğŸ˜Š https://t.co/yfegJtIUh3,0,0.0
Cucina_Italiana,2020-01-20 08:19:47,La torta di mele non Ã¨ una sola: ecco come stravolgerla in ben 8 versioni diverse e dolcissime ğŸ˜‹ https://t.co/XwwWWnElKa #tortadimele #ricette,2,2.5600327684194356e-05
Cucina_Italiana,2020-01-20 07:59:57,"Ãˆ tornato, Ã¨ qui: il temutissimo #BlueMonday, il terzo lunedÃ¬ di gennaio, il giorno piÃ¹ triste dell'anno. Noi lo sfidiamo con queste ricette da bava alla bocca ğŸ˜€ğŸ˜€ğŸ˜€ NON CI AVRAI MAI!  https://t.co/TYTJ9a1G6G",3,0.0
Cucina_Italiana,2020-01-20 07:40:58,Una #pasta e #fagioli SUPER! https://t.co/Ndkqmr0vZ7,0,5.120065536838871e-05
Cucina_Italiana,2020-01-20 07:22:18,"#Arancini che ingannano! 
#polenta  #antipasti  #20gennaio  https://t.co/RIeZv9yX2I",1,2.5600327684194356e-05
Cucina_Italiana,2020-01-20 07:02:37,Buongiorno ğŸ˜ https://t.co/2RicVeq5M1,1,3.8400491526291536e-05
Cucina_Italiana,2020-01-20 06:27:29,"#LunedÃ¬ mattina abbiamo bisogno di un risveglio rinforzato!  
#20gennaio  #buongiorno  #colazione  #breakfast  https://t.co/vzvlBADJeP",1,2.5600327684194356e-05
Cucina_Italiana,2020-01-20 04:30:18,"Forza e coraggio, la tavola ci aiuta! ğŸ˜“ğŸ˜€ #lunedÃ¬20gennaio  #BlueMonday  https://t.co/AGFE07sicM",0,0.0
Cucina_Italiana,2020-01-19 23:30:28,Il #soufflÃ© con un tocco in piÃ¹!  https://t.co/psjWcFluP2,1,2.560032768419436e-05
Cucina_Italiana,2020-01-19 22:40:38,Questa vi farÃ  impazzire ğŸ˜ğŸ˜ğŸ˜ https://t.co/lck6vcZd7Y,7,8.960114689468026e-05
Cucina_Italiana,2020-01-19 22:03:16,Nel nord della Spagna c'Ã¨ una cittÃ  tutta da scoprire... e mangiare! https://t.co/V3WWxdvuVS,0,0.0
Cucina_Italiana,2020-01-19 21:39:44,Una radice da conoscere: come si puÃ² usare in cucina? https://t.co/JqudElpJ3E,0,5.120065536838871e-05
Cucina_Italiana,2020-01-19 21:14:15,"Carciofi in tutti i modi, ma sempre croccantissimi! https://t.co/lPvkx4wi3v",0,3.8400491526291536e-05
Cucina_Italiana,2020-01-19 20:54:33,Questa vi farÃ  impazzire ğŸ˜ğŸ˜ğŸ˜ https://t.co/VtI6dtUVm3 #napoli,7,0.00016640212994726333
Cucina_Italiana,2020-01-19 20:01:45,"Carciofi in tutti i modi, ma sempre croccantissimi! https://t.co/tqSTHBlZtA",4,3.8400491526291536e-05
Cucina_Italiana,2020-01-19 19:27:08,Una radice da conoscere: come si puÃ² usare in cucina? https://t.co/AWW7qejHe5,3,0.0
Cucina_Italiana,2020-01-19 19:02:43,Nel nord della Spagna c'Ã¨ una cittÃ  tutta da scoprire... e mangiare! https://t.co/OsEH4W09PM,0,1.2800163842097178e-05
Cucina_Italiana,2020-01-19 18:09:09,#Pesce spada avvolto nella pancetta... Altro da dire? ğŸ¤¤ https://t.co/OocYSpGM6c,2,2.5600327684194363e-05
Cucina_Italiana,2020-01-19 17:35:31,Farina di grano saraceno e un cubetto di formaggio Valtellina Casera Dop. WOW! ğŸ¤¤ https://t.co/cu51AzMTPA #sciatt,2,2.560032768419436e-05
Cucina_Italiana,2020-01-19 16:52:54,"Leggere come una nuvola ğŸ˜
#eclair #dolci #dessert  https://t.co/oGho69Nqpy",2,2.5600327684194356e-05
Cucina_Italiana,2020-01-19 16:12:12,Per variare un po' ğŸ˜œ  https://t.co/UmlSDQALRY,0,3.840049152629153e-05
Cucina_Italiana,2020-01-19 15:24:13,Verdure al forno con una panatura SUPER ğŸ˜‹ğŸ˜‹ğŸ˜‹ https://t.co/sMzKjwXTru,1,5.120065536838871e-05
Cucina_Italiana,2020-01-19 15:01:20,Pistachio Brownies: a chocolate obsession &lt;3 https://t.co/eW73MSvsjm #brownies #pistachio,0,3.840049152629154e-05
Cucina_Italiana,2020-01-19 14:07:41,Empanadas del Sudamerica VS impanadas della Sardegna #empanadas #impanadas https://t.co/3YNG1c5e9d,2,0.0
Cucina_Italiana,2020-01-19 13:12:39,Non solo banane! https://t.co/fVyYRb7Xg7,4,3.840049152629154e-05
Cucina_Italiana,2020-01-19 12:14:45,"Mettetevi subito all'opera con le #crespelle, questo primo piatto vi farÃ  sognare! 
#gorgonzola #pranzo  https://t.co/znmnPAPRWY",3,3.8400491526291536e-05
Cucina_Italiana,2020-01-19 11:18:08,"Una variazione del classico, con tanti pistacchi ğŸ˜‹ #cacioepepe  https://t.co/XQL2HnKJc3 https://t.co/cQZQuo9F9p",0,0.0
Cucina_Italiana,2020-01-19 10:45:01,"Vi diciamo solo che prelibatezza... 
#domenica #arrosto  https://t.co/qRVs14Vdyx",3,5.1200655368388706e-05
Cucina_Italiana,2020-01-19 10:10:04,"Basta poco per essere felici, ma veramente felici! 
#polenta #domenica #fonduta #19gennaio  https://t.co/PlnV3taM5c",2,3.840049152629154e-05
Cucina_Italiana,2020-01-19 09:44:32,Che domenica sarebbe senza dessert? Ecco come risolvere il problema in men che non si dica ğŸ˜‹ https://t.co/3UpwnlcfDo,9,0.00012800163842097178
Cucina_Italiana,2020-01-19 08:54:40,Qualcuno prepara la pasta fresca oggi? Sicuri di conoscere tutte le regole? https://t.co/dJMijUm2L7,10,3.840049152629153e-05
Cucina_Italiana,2020-01-19 08:31:38,"Dal medioevo a oggi, tutti i rimedi naturali per migliorare la pelle con una mela seguendo i consigli dell'esperta https://t.co/Gvn8PksDZu",15,0.00016640212994726333
Cucina_Italiana,2020-01-19 07:53:38,"Una #crostata a pois, per dare sfogo alla vostra creativitÃ !
#domenica #19gennaio #buongiorno #colazione   https://t.co/ltBrGZk6aF",2,3.840049152629152e-05
Cucina_Italiana,2020-01-19 07:30:04,Deliziosi canelÃ©! ğŸ˜ https://t.co/PR09Hi7n1U #dolci #canelÃ© #bordeaux,3,2.5600327684194363e-05
Cucina_Italiana,2020-01-19 07:02:26,"Fagioli a colazione? SÃ¬, cosÃ¬ ğŸ‘‡ #dorayaki #buongiorno #colazione https://t.co/GldtGqUGgL",0,2.5600327684194356e-05
Cucina_Italiana,2020-01-19 05:01:57,"Stuzzichiamo l'appetito con dei piccoli #antipasti ğŸ˜‹
#domenica #topinambur #19gennaio  https://t.co/42wsgVjIuU",3,3.8400491526291536e-05
Cucina_Italiana,2020-01-18 23:30:39,Un #dolce al volo ğŸ¤¤ https://t.co/jDM6TsftqD,5,2.5600327684194356e-05
Cucina_Italiana,2020-01-18 22:26:35,Dalla spesa al riutilizzo: ecco 10 piccoli consigli da applicare alla nostra vita quotidiana per evitare gli sprechi in cucina ğŸ‘‡ https://t.co/2t0v4x1lNr #antispreco,4,5.1200655368388706e-05
Cucina_Italiana,2020-01-18 21:49:35,La giusta alimentazione per aiutare il sistema immunitario. Addio influenza!  https://t.co/Pma9Pt53tC,13,0.00016640212994726333
Cucina_Italiana,2020-01-18 21:15:58,"Una ricetta della tradizione contadina piemontese, sempre godurioso! 
 https://t.co/2mNYDuwsDu",19,0.00024320311299984637
Cucina_Italiana,2020-01-18 20:35:15,Un #ostello speciale a #Torino! #Combo   https://t.co/eIcfjUIgwW,5,2.5600327684194356e-05
Cucina_Italiana,2020-01-18 20:12:05,"Ma soprattutto, cosa vuol dire mangiare bio? https://t.co/246H3FuCcF #bio",2,2.5600327684194356e-05
Cucina_Italiana,2020-01-18 19:08:42,"Una vera delizia per concludere la serata...
#dolci #dessert #pere 
 https://t.co/NlTFcUhefH",2,2.5600327684194356e-05
Cucina_Italiana,2020-01-18 18:37:07,Guardate anche che chips golose si possono preparare con le zucchine ğŸ¤¤ https://t.co/SgKs4odmvy #chips https://t.co/AGm9mmJM5t,1,0.0
Cucina_Italiana,2020-01-18 17:44:07,"Con questa ricetta il #pollo resuscita ğŸ¤£
#carne #secondi  https://t.co/UkS1eIqwSF",3,3.8400491526291536e-05
Cucina_Italiana,2020-01-18 16:56:29,"Da farcire con creme e ganache, perfetta per fare la millefoglie ğŸ˜ https://t.co/9YeoqctTWV",0,0.0
Cucina_Italiana,2020-01-18 15:52:26,Il mare d'inverno CI PIACE! https://t.co/IbnQIUk4Og https://t.co/G2XcB3YISM,0,0.0
Cucina_Italiana,2020-01-18 15:12:05,"Disseta, depura e aiuta a ridurre il colesterolo. Ecco tutte le proprietÃ  del fico d'India. https://t.co/5UuGJuW5jX",6,7.680098305258307e-05
Cucina_Italiana,2020-01-18 14:11:55,"Per stupire i vostri ospiti! 
#pesce #sabato #cena #dinner  https://t.co/mpn2N2JpCc",2,0.0
Cucina_Italiana,2020-01-18 13:08:44,"CUCCIOLONE DI MAMMA, QUANTO SEI BELLO! ğŸ˜ğŸ˜‚ğŸ¤£ğŸ˜
Arancini e pasta e fagioli per tutte le taglie! 
#masterchef #mastercheitalia #masterchefit #antoninocannavacciuolo #gennaroesposito #arancini #pastaefagioli 
 https://t.co/weIbqeKc7J",2,1.2800163842097178e-05
Cucina_Italiana,2020-01-18 13:04:07,"Quando si gonfiano in forno Ã¨ un vero spasso!
#Volauvent #dolci   https://t.co/mrX3SiqOjA",1,0.0
Cucina_Italiana,2020-01-18 11:58:41,Per questa domenica la portata principale Ã¨...   https://t.co/ejkDJTum3N,0,0.0
Cucina_Italiana,2020-01-18 10:55:03,"Un alimento che cuciniamo raramente, ma quando ci capita ci impegniamo assai!  https://t.co/0M7daDLWzV",6,2.5600327684194363e-05
Cucina_Italiana,2020-01-18 10:15:35,Ricette sfiziose da provare ğŸ˜ https://t.co/gyuP5UQLjz #brunch #ricettesfiziose https://t.co/STxJBLApN7,0,3.840049152629153e-05
Cucina_Italiana,2020-01-18 09:48:54,Questo weekend la #pizza ğŸ• facciamola alternativa!  https://t.co/NvZHDmzc3a,3,2.5600327684194356e-05
Cucina_Italiana,2020-01-18 08:59:58,Tutto quello che non puÃ² mancare in tavola questo mese â¬‡ #gennaio #distagione https://t.co/Wgg8de7KNs,3,0.0
Cucina_Italiana,2020-01-18 08:08:07,"Genuino, perfetto sia in versione dolce che salata. Come vi piace farcirlo? https://t.co/YC5vVh9WQo https://t.co/MEmtw3hm0M",1,2.5600327684194356e-05
Cucina_Italiana,2020-01-18 07:46:33,"Questa #ganache al #cioccolato Ã¨ fantastica!  
#crostata  #torta  #dolce #sabato #18gennaio  https://t.co/n9gC5yJP6R",3,2.5600327684194356e-05
Cucina_Italiana,2020-01-18 07:23:56,L'inverno da colorare ğŸ˜ https://t.co/gmONToxDIf,3,0.0
Cucina_Italiana,2020-01-18 06:47:29,"Quando eravamo bambini erano i nostri #panini preferiti, insieme alle michette... ora li facciamo a casa! 
#pane #sabato #18gennaio  https://t.co/1KGrt1qbPi",10,0.00012800163842097178
Cucina_Italiana,2020-01-18 05:02:23,Nettare degli dei a colazione ğŸ˜#buongiorno https://t.co/E2vqXCcQox https://t.co/dwGYsvk1WR,1,3.8400491526291536e-05
Cucina_Italiana,2020-01-17 23:31:06,Chi ha voglia di una pallina di gelato? Non si mangia solo d'estate ğŸ˜œ  https://t.co/dGzOLpxpHI,3,3.840049152629153e-05
Cucina_Italiana,2020-01-17 22:31:28,Domani facciamo questa ricetta! #legumi https://t.co/99DbiLg7vE,0,0.0
Cucina_Italiana,2020-01-17 22:08:56,La #cicerchia: la sua produzione era sull'orlo dell'estinzione. Ma poi qualcuno Ã¨ venuto in soccorso di questi #legumi https://t.co/0J7U5gn1wx,0,0.0
Cucina_Italiana,2020-01-17 21:43:15,"Non a tutti piace, Ã¨ comprensibile, ma provate a farlo con questa ricetta e vi ricrederete!
#fegato #cena   https://t.co/YSFv1epub8",2,0.0
Cucina_Italiana,2020-01-17 21:22:24,"Certo che lo spate, ma... ğŸ¤“ #legumi https://t.co/KKOtMKEV29",4,0.0
Cucina_Italiana,2020-01-17 20:59:02,"La gramigna, il bacon, i #ceci: e tanta fame! ğŸ˜‚ğŸ˜‹ #legumi  https://t.co/QxVqPfN0LF",1,3.840049152629153e-05
Cucina_Italiana,2020-01-17 20:37:20,"Ãˆ ancora presto per i #lupini, ma visto che oggi parliamo di #legumi...  https://t.co/VnZ4GXzid5",3,2.5600327684194363e-05
Cucina_Italiana,2020-01-17 20:12:17,Per una calda cena invernale! Pensateci per domani! #legumi  ğŸ˜˜ https://t.co/XzxyDGTogn,2,2.5600327684194356e-05
Cucina_Italiana,2020-01-17 19:42:43,Un classico che non passa mai di moda! #legumi  ğŸ˜‹ https://t.co/eZA8r8tNhP,3,3.840049152629152e-05
Cucina_Italiana,2020-01-17 19:19:42,Pasta + Ceci + Verza = BONTÃ€ ğŸ˜ğŸ˜‹ğŸ˜ #LEGUMI https://t.co/1Tyj3pYeSL,4,5.1200655368388706e-05
Cucina_Italiana,2020-01-17 18:54:24,Milano: ecco un ristorante che abbiamo assaggiato per voi!  https://t.co/oZWxgzKqZe,1,0.0
Cucina_Italiana,2020-01-17 18:32:52,Abbinamenti fantastici! ğŸ˜‹ #pizza #vino #PizzaDay  https://t.co/FZjqB4bubL,2,0.0
Cucina_Italiana,2020-01-17 18:11:47,#Polpette di #ceci speziate con brunoise di verdure e salsa al pomodoro agrodolce. SLURP #legumi ğŸ˜‹ https://t.co/VywbMAu1ra,1,3.8400491526291536e-05
Cucina_Italiana,2020-01-17 17:51:11,"Tante idee per cena, ma anche per il pranzo di domani; per la schiscetta da portare al lavoro... #legumi  ğŸ˜ https://t.co/BhWM5uVTqY",1,0.0
Cucina_Italiana,2020-01-17 17:31:07,Provatela e non vi pentirete! ğŸ˜€ https://t.co/U2ZxG1mcCw,0,3.8400491526291536e-05
Cucina_Italiana,2020-01-17 17:12:51,La bellezza e la bontÃ ! #legumi https://t.co/StW5tFjDgq,0,0.0
Cucina_Italiana,2020-01-17 16:55:04,"Pe' scalda' la panza, ce vole 'na minestra de sostanza! ğŸ˜‚ğŸ˜‹ (proverbio di La Cucina Italiana) #legumi https://t.co/bOnNuUqQCV",2,2.5600327684194356e-05
Cucina_Italiana,2020-01-17 16:39:12,Una #pizza semplice dafare stasera per festeggiare il #PizzaDay ğŸ˜ https://t.co/07njdboGXm,2,2.5600327684194356e-05
Cucina_Italiana,2020-01-17 16:24:00,Stiamo giÃ  pensando alla cena ğŸ˜‹ https://t.co/K6npgCd8yY,1,3.8400491526291536e-05
Cucina_Italiana,2020-01-17 16:12:00,"#Crespelle dolci, buone, buonissime!  https://t.co/74HCnr2Ryc",0,5.120065536838871e-05
Cucina_Italiana,2020-01-17 15:52:30,Sposiamoli nel modo migliore!  https://t.co/QYlWBcpTCQ,2,0.0
Cucina_Italiana,2020-01-17 15:32:42,#Cannabis: piatti stupefacenti! ğŸ˜œ https://t.co/zDNwriRhTs,0,0.0
Cucina_Italiana,2020-01-17 15:12:10,#Legumi: ricette gustose e segreti da scoprire â¬‡ https://t.co/CKTainytsP,0,0.0
Cucina_Italiana,2020-01-17 14:51:45,"Guardate la nostra ricetta illustrata passo passo â¬‡ 
#stoccafisso  #gratin https://t.co/hnc8hNbpp8",0,0.0
Cucina_Italiana,2020-01-17 14:30:51,Dalla Calabria un piatto della tradizione che fa sognare! #legumi  ğŸ˜‹ https://t.co/oxQAHMNFMs,1,2.5600327684194356e-05
Cucina_Italiana,2020-01-17 14:07:52,Questa torta salata sembra un dipinto #legumi ğŸ˜‹ https://t.co/RJ3uMDUHli,0,0.0
Cucina_Italiana,2020-01-17 13:47:27,Una ricetta diversa per stupire a tavola! #legumi   https://t.co/Ce06gtWs4F,0,5.120065536838871e-05
Cucina_Italiana,2020-01-17 13:28:13,I sapori della stagione fredda in questa insalata meravigliosa #legumi  ğŸ˜œ https://t.co/JknedhA5cv,0,0.0
Cucina_Italiana,2020-01-17 13:07:29,"Grande classico dell'inverno! 
#fagioli  #legumi  #crema  #maltagliati  https://t.co/pIiRjnbWNn",0,0.0
Cucina_Italiana,2020-01-17 12:46:30,I #legumi nella pasta. Ma proprio NELLA pasta! https://t.co/gzF2T51qXY,0,0.0
Cucina_Italiana,2020-01-17 12:25:50,#PizzaDay: tre nostre ricette speciali riprese da https://t.co/9TwSWJWvDL  #VogueItalia,0,0.0
Cucina_Italiana,2020-01-17 12:12:11,"Toglietevi anche qualche sfizio salato ğŸ˜‹
#involtini #antipasti  https://t.co/SE2NHpDAiq",1,2.5600327684194356e-05
Cucina_Italiana,2020-01-17 11:46:26,#GiornataMondialeDellaPizza: ecco le migliori pizzeria d'Europa https://t.co/Ts1D3D0Lml,0,3.840049152629153e-05
Cucina_Italiana,2020-01-17 11:25:18,"Per quanto amiamo i pizzoccheri, non sono l'unica alternativa per preparare una pasta senza glutine  https://t.co/fplWAPL6df #senzaglutine #granosaraceno",4,3.8400491526291536e-05
Cucina_Italiana,2020-01-17 11:00:16,Oggi Ã¨ la giornata mondiale della #pizza e noi vi offriamo questa ricetta ğŸ˜‹ https://t.co/D3C0WoJB93,0,2.5600327684194356e-05
Cucina_Italiana,2020-01-17 10:40:37,Provati per voi! ğŸ˜‹ #Bastianich  https://t.co/4XIgpSKHg9,0,0.0
Cucina_Italiana,2020-01-17 10:36:16,"Nulla Ã¨ lasciato al caso, con un po' di ricerca nascono piatti equilibrati!   
#pasta  #linguine  #pranzo  https://t.co/sa4vj1aBaz",2,2.5600327684194363e-05
Cucina_Italiana,2020-01-17 10:13:06,Buonissime #lenticchie: non le mangerete mica solo a San Silvestro? #legumi  ğŸ˜‹ https://t.co/Xzvdr2pCs3,0,0.0
Cucina_Italiana,2020-01-17 09:47:01,Li avrete sicuramente mangiati al ristorante giapponese. Ma scopriamo come farli a casa nostra! #Edamame  https://t.co/ZnKGkrfbpB,5,3.840049152629154e-05
Cucina_Italiana,2020-01-17 09:17:23,"Per il #weekend Ã¨ previsto un accentuarsi del #freddo. Se i piatti a tavola sono questi, evviva! #legumi #pasta #zuppe #minestre   ğŸ˜‹ https://t.co/JZnINjHuyp",3,3.840049152629152e-05
Cucina_Italiana,2020-01-17 08:53:36,Un'insalatona per sfamarci a pranzo? #legumi  https://t.co/nyHaAsRm2l,0,0.0
Cucina_Italiana,2020-01-17 08:28:49,ğŸ•ğŸ•ğŸ• Oggi Ã¨ il #PizzaDay ğŸ•ğŸ•ğŸ• https://t.co/YXbHDQT8CT,4,5.120065536838871e-05
Cucina_Italiana,2020-01-17 08:07:27,Avete mai provato ad affumicare in #salmone? Guardate qui ğŸ‘‡ https://t.co/Tl8bAWWlee,1,2.5600327684194356e-05
Cucina_Italiana,2020-01-17 07:39:42,"ğŸ¥• #Carote appetitose in tutte le forme! ğŸ¥•
#crocchette  https://t.co/CwKJAb78WS",2,2.5600327684194356e-05
Cucina_Italiana,2020-01-17 07:03:57,Buone idee per questa giornata ğŸ˜ https://t.co/e9qrshROgs,3,3.8400491526291536e-05
Cucina_Italiana,2020-01-17 06:31:10,"Con una buona spremuta d'arancia, un caffÃ¨ o un tÃ¨ caldo la #colazione diventa strepitosa ğŸ˜‹
#biscotti #venerdÃ¬17  https://t.co/somGozdhcE",4,5.1200655368388726e-05
Cucina_Italiana,2020-01-17 06:05:37,"Oggi dedichiamo il nostro speciale del #venerdÃ¬ ai #legumi! Iniziamo dai #ceci, ottima alternativa alla #carne!  https://t.co/BPvRbs6M5o",5,6.40008192104859e-05
Cucina_Italiana,2020-01-17 05:23:18,Stasera a cena ci starebbero benissimo! #legumi  ğŸ˜ https://t.co/mciYt8O0KO,2,2.5600327684194363e-05
Cucina_Italiana,2020-01-17 05:00:38,"Mettiamoli in ordine: oggi Ã¨ #venerdÃ¬17 di un #AnnoBisestile, il venerdÃ¬ che precede il weekend che ci condurrÃ  al #BlueMonday! Volete anche una martellata su un piede? ğŸ™„... Ah: BUONGIORNO eh! ğŸ˜‚ğŸ¤£ https://t.co/o0q1xBWqoa",0,0.0
Cucina_Italiana,2020-01-17 04:03:29,I fagiolini per una insalata speciale ğŸ˜ #legumi https://t.co/sHlVZ7Md3W,1,1.2800163842097178e-05
Cucina_Italiana,2020-01-16 23:31:00,Uno tira l'altro e fermarsi Ã¨ davvero un'impresa ardua ğŸ˜ https://t.co/rWPek0ouaq,0,0.0
Cucina_Italiana,2020-01-16 22:36:51,I nostri consigli #detox  ğŸ˜‰ https://t.co/pomJWwtl6J,3,3.840049152629153e-05
Cucina_Italiana,2020-01-16 21:41:41,"Pronti a tuffare il cucchiaio in una calda, confortevole crema di #zucca? 
#inverno  #funghi  https://t.co/TcbaOsK2H4",3,3.840049152629154e-05
Cucina_Italiana,2020-01-16 20:48:17,Pronti per una #dolce #domenica? #torte  https://t.co/zY0w92mlA2,3,3.840049152629153e-05
CookGlobal,2020-01-23 21:15:09,"Creamy #vegan dressings are delicious, lower in calories, and super easy to make.  Try this Herbed tofu salad dressing from my friend @Living_Lou for a healthy and tasty alternative! https://t.co/2M4FxhMn1O via @Esienne https://t.co/HKpXYefVnK",6,0.0016492578339747117
CookGlobal,2020-01-23 19:15:07,"Itâ€™s almost the weekend!  So, itâ€™s the perfect time to whip up a batch of these easy peasy Scrumptious Tex-Mex Black Bean Burgers.  Delicious . Nutritious. &amp; easy to prepare on the stove! https://t.co/P6QLLGwNSd #vegan #Veganuary #plantbased https://t.co/60uvwwt5cg",8,0.0021990104452996153
CookGlobal,2020-01-23 17:15:02,My first experiment with homemade #vegan â€œcheeseâ€ was this Real Vegan Mozzarella Cheese (Shreddable Block-Style) from Vegan Blueberry.  It is absolutely amazing!  It melts like real cheese for ooey gooey sandwiches! Itâ€™s also tasty on its own ğŸ™ŒğŸ¼ https://t.co/just0fy1Xb https://t.co/SYDuaQa86k,0,0.0
CookGlobal,2020-01-23 15:15:04,"The weekend is almost here! ğŸ™ŒğŸ¼.  So, itâ€™s the perfect time to whip up a batch of Decadently Delicious Homemade Guacamole!  Itâ€™s not only delicious, itâ€™s also good for you, &amp; itâ€™s super easy it is to make from scratch. https://t.co/j3oFq9nuuR #vegan #Veganuary #plantbased https://t.co/G5xSttB7nY",16,0.0029320139270661537
CookGlobal,2020-01-23 14:15:10,Easy Peanut Butter Cookies make such a tasty treat.  Perfect for packed lunches or after school treats.  Try this authentic recipe from my friend @OldFashRecipes  https://t.co/pCKPxKwn8N via @deeddra https://t.co/EpsViHgKbF,7,0.0025655121861828845
CookGlobal,2020-01-23 13:14:03,"Wanted to make your own jam, but afraid of canning?  Never fear.  Easy Small Batch Raspberry Cointreau Jam comes together quickly &amp; doesnâ€™t require canning.  Itâ€™s equally good with fresh or frozen berries! https://t.co/ULb9Sy4Kxw #vegan https://t.co/CjyYFIFJDo",19,0.0034817665383910577
CookGlobal,2020-01-23 11:55:01,Omurice - ã‚ªãƒ ãƒ©ã‚¤ã‚¹ is Japanese comfort food at its finest.  Let my friend @misspickledplum teach you how easy it is to make at home.  Weekend brunch anyone?  https://t.co/SIRAO3419H via @Redneck_Shake https://t.co/ayU1fAHgAm,6,0.0021990104452996153
CookGlobal,2020-01-23 10:01:04,"With gorgeous seasonal grapes in the market, itâ€™s the perfect time to whip up a batch of this creative Creamy White Gazpacho from Malaga!  Itâ€™s an easy, cold soup that looks so pretty, but is actually easy to make https://t.co/J399jJL12c #vegetarian https://t.co/M1OUjEfN27",9,0.0014660069635330766
CookGlobal,2020-01-23 08:02:02,This amazingly flavorful Korean Steak Sandwich with Jalapenos and Garlic Mayo is my idea of comfort food at its finest.  A wonderful treat for your favorite chili ğŸŒ¶ fan! https://t.co/P4qiBK9tEy https://t.co/NPwoBpafwA,33,0.006047278724573941
CookGlobal,2020-01-22 19:15:01,Youâ€™ve just gotta love these ooey gooey Chocolate Raspberry Bites from @KitchenSanc2ary !  A divine treat your family will surely adore https://t.co/Eec5I73liy via @SplendidFood https://t.co/iYCR1Kebti,12,0.0021990104452996153
CookGlobal,2020-01-22 17:15:03,Remember those deliciously addictive food court salads of the late 80s?  Try my easy Asian Chicken Salad with Honey Miso Dressing for a #ThrowbackThursday treat.  Use leftover roast or a rotisserie bird to keep it simple! https://t.co/sA61K4CNby https://t.co/xSoXEBP8KW,7,0.0014660069635330766
CookGlobal,2020-01-22 15:15:03,Getting ready for the big game?  You wonâ€™t want to miss these 20 (Insanely Good) Super Bowl Appetizers from @junedarville ! https://t.co/czFJ5D1oRd https://t.co/vD4pPmqyOM,11,0.002748763056624519
CookGlobal,2020-01-22 14:15:04,"Shiitake Mushroom and Cabbage Lo Mein is a supremely satisfying weeknight supper that comes together in the blink of an eye.  The recipe uses #vegan stir fry strips for a hearty, satisfying meal thatâ€™s even better than takeout! https://t.co/5CmeZANRtU #veganuary #plantbased https://t.co/mpb8YR9VUo",13,0.0025655121861828845
CookGlobal,2020-01-22 13:14:03,"#Vegetarian Thai Green Curry from @amycookreport makes an easy, delicious , &amp; supremely satisfying weeknight supper! https://t.co/2Wbu4e9m5E via @ProfessorKitch1 https://t.co/EDw02Xf3AN",5,0.0009162543522081735
CookGlobal,2020-01-22 11:55:02,"Before the end of tomato season, youâ€™ll want to put up a batch of this tasty Anglo-Indian Sweet and Sour Tomato Chutney.  Itâ€™s a refreshing change of pace from ketchup &amp; goes brilliantly with grilled sausage! https://t.co/xHyLovxKvC https://t.co/UmdCJq2yuX",6,0.0016492578339747114
CookGlobal,2020-01-22 10:01:04,"Stuffed Chilies make a divine, economical supper thatâ€™s oh-so satisfying.  Let my friend @Painlesscooking teach you How to Make Chile Rellenos &amp; share her favorite recipes! https://t.co/xPKC4ht0lR https://t.co/yAO6SJBMME",6,0.0010995052226498076
CookGlobal,2020-01-22 08:49:53,Air-Fried Sweet and Sour Pork Recipe from @aqnguyen is a lightened up version of the takeout classic that youâ€™ll find yourself returning to over &amp; over again! https://t.co/HDbLyYbXyF https://t.co/TIyg1W3rWi,2,0.0007330034817665384
CookGlobal,2020-01-22 08:02:02,"Looking for an easy mid-week treat meal thatâ€™s also good for you?  Try these Scrumptious Tex-Mex Black Bean Burgers ğŸ” .  Theyâ€™re addictively delicious, &amp; prepared on the stove for easy mid-week dining https://t.co/P6QLLGwNSd #vegan #veganuary #plantbased https://t.co/mi9v63opul",8,0.0016492578339747114
CookGlobal,2020-01-22 07:23:02,"Thanksgiving chopped salad from @Living_Lou  might just be the perfect fresh treat for the cool weather weâ€™ve been having!  With apples, pomegranate pearls, &amp; a shallot dressing, itâ€™s packed with great nutrition &amp; flavor! https://t.co/q2DRKSEArY via @AlanESmith3 https://t.co/0n1Tfk46D0",6,0.0009162543522081735
CookGlobal,2020-01-22 06:44:54,Isnâ€™t this a gorgeous way to start the day? https://t.co/aYDDniRWue,4,0.0007330034817665384
CookGlobal,2020-01-22 06:43:38,Looks like a delicious combination! https://t.co/g6mpAoEQI5,0,0.0
CookGlobal,2020-01-22 06:12:41,Looks scrumptious! https://t.co/zmfQAZgBsI,2,0.0003665017408832692
CookGlobal,2020-01-21 21:15:02,"Delicious #Vegan Banana Bread with Oats and Raisins comes together in a jiffy.  Such a cozy treat, and a great way to use brown bananas ğŸŒ https://t.co/8Fax6B71Vx https://t.co/lS5gil9UTG",8,0.0021990104452996153
CookGlobal,2020-01-21 19:15:05,"Vegan Mushroom Cabbage Rolls with Lentil &amp; Rice from @MonikasRecipes would make a hearty, cozy #vegan supper! https://t.co/bLyNRa4ueA via @Galas_blog https://t.co/bGHDKe3vvd",12,0.0021990104452996153
CookGlobal,2020-01-21 17:15:10,Got a few spotty bananas hanging around the kitchen?  Donâ€™t toss the.  Whip up a quick batch of these Crispy Jamaican Banana Fritters! https://t.co/74BJvGwGxB https://t.co/JeL6kqpYAz,15,0.002748763056624519
CookGlobal,2020-01-21 15:15:02,"If itâ€™s cold outside, this One-Pan English Breakfast ğŸ³ (or lunch, or dinner) from @Living_Lou  would make such a cozy meal to come home to! https://t.co/1FjmRdpAYG vi @mugikikaku https://t.co/g43LA1NNR0",24,0.0043980208905992305
CookGlobal,2020-01-21 14:15:02,"Shiitake Mushroom and Cabbage Lo Mein is a quick, tasty weeknight dish thatâ€™s better than takeout &amp; just as fast.  Uses #Vegan  stir fry strips for a hearty, satisfying meal. https://t.co/5CmeZANRtU #Veganuary #plantbased https://t.co/DP3TmNMX4I",10,0.0018325087044163456
CookGlobal,2020-01-21 13:47:21,"Lemon Rice Pilaf (Nimbu Bhath) is one of my all-time favorite South Indian treat dishes.  Itâ€™s a gorgeous dish for a party &amp; it makes a hearty, delicious workday lunch thatâ€™s easy to prep &amp; carry ! https://t.co/wW630eursa #Vegan #Veganuary #plantbased https://t.co/5kjqH8wftU",25,0.004214770020157596
CookGlobal,2020-01-21 13:14:03,Never made your own tortillas? Itâ€™s way easier than you think.  Let this Homemade Flour Tortilla Recipe from @I_am_New_Mexico be your guide! https://t.co/AceFrHPABo via @ElGanspo https://t.co/ATk9yvQi9K,8,0.0025655121861828845
CookGlobal,2020-01-21 11:55:03,"This Bright, Fresh Village-Style Greek Salad is as easy to make as t is rich and satisfying .  Better than your local deli version, &amp; almost as quick to toss together! https://t.co/qAqzbzyYIJ https://t.co/nSJAACF75j",12,0.0025655121861828845
CookGlobal,2020-01-21 11:10:34,"Lemon Rice Pilaf from the Instant Potâ„¢, A Quick DeliciousÂ Side https://t.co/8sNrCDVtyR https://t.co/VGrgGGuX8Q",4,0.0010995052226498076
CookGlobal,2020-01-21 10:01:01,Coconut Cream Pie is one of those old-fashioned diner treats that really deserves a revival.  Donâ€™t miss this terrific recipe from @OldFashRecipes  https://t.co/rxqiyIboQ7 via @mipaella https://t.co/wFcOAE2INs,3,0.0007330034817665384
CookGlobal,2020-01-21 08:02:01,Tomato and Cucumber Salad with Za'atar is a beautiful and easy way to make the most of the seasonâ€™s most beautiful tomatoes ğŸ….  A perfect side for the #braai or for a busy weeknight supper! https://t.co/diIn7xU3ga https://t.co/h175aUvGjs,10,0.001282756093091442
CookGlobal,2020-01-21 07:21:41,Oh yum!!! https://t.co/vJqFlQLi8e,4,0.000916254352208173
CookGlobal,2020-01-21 05:06:16,#TuesdayThoughts https://t.co/EYArYxqXUW,0,0.0
CookGlobal,2020-01-21 05:05:16,Looks absolutely delicious! ğŸ˜‹ https://t.co/kvKkArCqIl,7,0.001282756093091442
CookGlobal,2020-01-20 21:15:08,"Instant Potâ„¢ Spiced, Poached Pears in Red Wine make an easy, delicious , healthy sweet treat that will fill your kitchen with the heady fragrance of mulled wine! https://t.co/LfWaSwLfwe #Vegan #Veganuary #plantbased https://t.co/rSNljbfC4R",14,0.0025655121861828845
CookGlobal,2020-01-20 19:15:02,"CrÃªpes are so easy to make from scratch, &amp; the kids love them! Donâ€™t miss this terrific recipe from @CCulinaire (CrÃªpes, recette facile et inratable) https://t.co/wBKjBcnfQX via @twobigboysblog https://t.co/ApLHms0ezI",21,0.0038482682792743265
CookGlobal,2020-01-20 17:15:10,"Whole Wheat Bread requires minimal hands-on time, &amp; is so much better than store bought.  Try my easy peasy recipe for an old-fashioned farm-style loaf your family will adore https://t.co/VJKhK5JjBC https://t.co/jXdfeGg3Uw",13,0.0023822613157412497
CookGlobal,2020-01-20 15:15:16,Apple &amp; Lancashire cheese pie from @InSeasonRecipes  makes a delightfully different #meatlessmonday option! https://t.co/GUKxHKGeDQ via @mugikikaku https://t.co/ZBx3iyFiE1,8,0.0014660069635330766
CookGlobal,2020-01-20 14:15:11,"Made with #vegan stir fry strips, this hearty Shiitake Mushroom and Cabbage Lo Mein is on the table faster than takeout.  A delicious #meatlessmonday meal thatâ€™s packed with rich flavor! https://t.co/5CmeZANRtU #Veganuary #plantbased https://t.co/teoZmvUFaC",2,0.0003665017408832692
CookGlobal,2020-01-20 13:14:02,"Homemade breads are such a treat, &amp; theyâ€™re lots easier to make than you may think.  Try this quick Focaccia Bread Recipe from @agoudalife  https://t.co/KguUiGKy94 via @CaptnKennysFr @hippirose https://t.co/U40ZHW4UT6",16,0.0031152647975077876
CookGlobal,2020-01-20 11:55:02,"Scrumptious Tex-Mex Black Bean Burgers make a delicious #meatlessmonday meal the whole family will love.  These #vegan patties cook up beautifully on the stove, for that summer feeling no matter what the weather is up to! https://t.co/P6QLLGwNSd #Veganuary #plantbased https://t.co/6BKbb24wao",6,0.0005497526113249037
CookGlobal,2020-01-20 10:01:01,"Chicken Noodle Soup is always cozy and comforting â€” especially when itâ€™s homemade! Try this terrific, healthy recipe from @KitchenSanc2ary  https://t.co/nwO5vvMv4w via @Gophergutz1 https://t.co/uZ93xZLmzD",21,0.003848268279274327
CookGlobal,2020-01-20 08:02:02,Miso Glazed Salmon Quinoa Bowls with baby spinach make a deliciously healthy way to start the week! https://t.co/2Plkws283n https://t.co/JIhRegtlY1,21,0.003848268279274326
CookGlobal,2020-01-20 07:23:02,Chicken a la King is one of those delicious old-fashioned dishes that really deserves a revival.  Donâ€™t miss this tasty recipe from @OldFashRecipes  https://t.co/pRgETRKVCs via @IdahNielsen https://t.co/OVgiDVjEaa,10,0.0018325087044163456
CookGlobal,2020-01-19 17:15:04,"Zippy, Oven Baked Vietnamese Chicken is an easy, flavorful main that tastes like summer!https://t.co/IMt5Vhpn3C https://t.co/V22DJLqvSl",18,0.0036650174088326917
CookGlobal,2020-01-19 16:15:02,Itâ€™s mango ğŸ¥­ season!  So itâ€™s the perfect time to whip up this easy no-bake mango cheesecake from @1000Cocina ( Cheesecake de Mango con Leche Condensada) https://t.co/rACcEnryPy via @ElGanspo https://t.co/BgDiAnClhl,13,0.0023822613157412497
CookGlobal,2020-01-19 15:15:03,"Shiitake Mushroom and Cabbage Lo Mein is a delicious , hearty #vegan meal thatâ€™s on the table in less time than takeout! https://t.co/5CmeZANRtU #Veganuary #plantbased https://t.co/BLN6j6tXJC",25,0.004581271761040865
CookGlobal,2020-01-19 14:15:04,Kids of all ages are sure to love these cute Individual Berry No Bake Cheesecakes from @KitchenSanc2ary Theyâ€™re perfect for packed lunches! https://t.co/b0K9kVpEbV via @mugikikaku https://t.co/fKeKdYhStM,19,0.0034817665383910573
CookGlobal,2020-01-19 13:14:02,"Looking for an easy Sunday supper?  Try these simple #Vegetarian Tex-Mex Black Beans from the Instant Potâ„¢.  No pre-soaking required.  Serve them with all your favorite taco ğŸŒ® toppings for a hearty, healthy meal! https://t.co/0R5J5sKORp https://t.co/Y0AEPGZtov",7,0.000916254352208173
CookGlobal,2020-01-19 11:55:01,Chocolate Hershey's Gold Cookies ğŸª from @mindycancook would make a divine Sunday project &amp; a delicious lunchbox treat! https://t.co/U5zPKY4LGB via @ValJone34048585 https://t.co/lKPQFlHTLr,9,0.0016492578339747114
CookGlobal,2020-01-19 10:01:02,King Oyster Mushroom Steaks with Fresh Fig Salsa make a divine #vegetarian starter that presents beautifully &amp; tastes great.  Best of all?  Itâ€™s quick &amp; easy https://t.co/nf8QDDQ2FT https://t.co/QON7erybup,6,0.0005497526113249037
CookGlobal,2020-01-19 09:02:02,Pavlova is my all-time favorite dessert.  Let my friends @PassionSpoon1 teach you just how easy it is to make at home! https://t.co/YgcJsIHVFj via @IdahNielsen https://t.co/R6a7x3rTRY,37,0.006780282206340481
CookGlobal,2020-01-19 08:02:02,"Planning to break out the #braai this Sunday?  Try these amazing Spiced Bacon and Cheese Burgers from South African ğŸ‡¿ğŸ‡¦ Grill Master, Jan Braai's, brilliant cookbook, Shisanyama.  The bacon ğŸ¥“ &amp; cheese ğŸ§€ are in the patties! https://t.co/hIbkII9zoS https://t.co/Qql6NDucU4",23,0.004214770020157596
CookGlobal,2020-01-19 07:23:02,Whatâ€™s better than Cherry Cobbler?  Only a cobbler with cherries ğŸ’ picked from a friendâ€™s tree!  You wonâ€™t want to miss @DiscoDavid9 â€˜s wonderful recipe.  A perfect sweet ending for a wonderful weekend https://t.co/UxaW7UYxQ2 https://t.co/DLHSgd0GyF,4,0.0007330034817665384
CookGlobal,2020-01-19 06:22:28,Yum!!  Iâ€™m hungry ğŸ˜‹ just looking at those terrific pizzas! https://t.co/r0cfqAKb8l,6,0.0016492578339747112
CookGlobal,2020-01-18 21:15:06,"Making Small Batch Jams is a terrific way to extend the life of seasonal produce.  Theyâ€™re quick, easy &amp; require no canning skills. Try this Raspberry Cointreau Jam, which works well with either fresh or frozen berries https://t.co/ULb9Sy4Kxw #vegan #Veganuary #plantbased https://t.co/8fvOhBUM05",3,0.0005497526113249037
CookGlobal,2020-01-18 19:15:01,Looking for an amazingly different weekend brunch recipe to surprise and delight?  Try this easy Bread Omelette Recipe from @myFoodWorks ! https://t.co/dyXklFplVV https://t.co/jnDbxomqJt,17,0.0031152647975077876
CookGlobal,2020-01-18 17:15:05,Curried Cauliflower Soup is the perfect winter warmer.  Serve it with a grown up grilled cheese or a Bombay sandwich for a delicious #vegetarian weekend lunch https://t.co/eX2mfyVBI0 https://t.co/UEW1tuXNIH,15,0.0016492578339747112
CookGlobal,2020-01-18 15:15:06,"Oven baked Garlic Wedge Fries from @WhatsGabyCookin might just be the perfect weekend treat!  A delicious, lightened up side for the #braai or nibble for sundowners https://t.co/JCDF95dgbz via @sergeiprokopiev https://t.co/w5wGgwRcky",16,0.0016492578339747112
CookGlobal,2020-01-18 14:15:01,"Scrumptious Tex-Mex Black Bean Burgers ğŸ” are an easy, healthy meal thatâ€™ll bring a ray of sunshine to your table on the this rainy Saturday.  Prepare them on the stove, and add all your favorite toppings! https://t.co/P6QLLGwNSd #Vegan #Veganuary #PlantBasedDiet https://t.co/4vUQ4ES3yq",9,0.0010995052226498078
CookGlobal,2020-01-18 13:14:02,Pineapple Mint Sparklers from @kyleecooks are a refreshingly delicious mocktail that presents beautifully.  Perfect for casual weekend entertaining https://t.co/HfSSatbGcR via @IdahNielsen https://t.co/DQLvVlmdf4,11,0.0010995052226498076
CookGlobal,2020-01-18 11:55:01,"Homemade Guacamole is Decadently Delicious, and itâ€™s super easy!  A terrific fresh, last-minute dip,burger topping, taco ğŸŒ® topping, or sandwich spread.  https://t.co/8B5hyKGBZN #veganuary #plantbased https://t.co/jxMIpYoB0Y",11,0.001649257833974712
CookGlobal,2020-01-18 10:01:02,This gorgeous spring risotto with greens from @cucinabenedetta just might be the perfect weekend treat! (Ricetta Risotto Primavera alle verdure) https://t.co/aqtJG6iLbo via @pjames870 https://t.co/Qnksflujqx,6,0.0005497526113249037
CookGlobal,2020-01-18 08:02:02,"Shiitake Mushroom and Cabbage Lo Mein is every bit as good as takeout.  Uses #vegan stir fry strips to make it hearty, &amp; itâ€™s packed with terrific, authentic Chinese flavor.  On the table in just 40 minutes! https://t.co/5CmeZANRtU #plantbased #Veganuary https://t.co/Ye58etTSNR",17,0.003115264797507788
CookGlobal,2020-01-18 07:47:27,So pretty Clare.  Happy birthday! https://t.co/A1tSkMFcsR,5,0.0009162543522081735
CookGlobal,2020-01-18 07:46:36,A delicious weekend treat! https://t.co/QRwqimLPEc,2,0.0003665017408832692
CookGlobal,2020-01-18 07:45:56,Such pretty cupcakes! https://t.co/rgTfjCUwZ1,9,0.0016492578339747112
CookGlobal,2020-01-18 07:43:27,A tasty Saturday salad thatâ€™s hearty &amp; satisfying! https://t.co/6JF8YtRi1z,3,0.0007330034817665384
CookGlobal,2020-01-18 07:23:02,"Looking for a tasty, comforting meal thatâ€™s easy and economical? Try this yummy One Pot Stroganoff from my friend @DiscoDavid9 ! https://t.co/Ph55Yr6JlZ https://t.co/swDrTjBLmy",8,0.0010995052226498078
CookGlobal,2020-01-17 21:15:02,"Roast Shallot-Crusted Chicken Thighs make an easy one dish meal from the oven.  All the crunch of fried chicken, with none of the mess!  https://t.co/KzJHpYVsBv https://t.co/LB5Aj77aeW",20,0.0036650174088326917
CookGlobal,2020-01-17 19:15:02,This delicious German Chocolate Cake Recipe from @OldFashRecipes is a tasty weekend treat the whole family will thank you for! https://t.co/ha4Qden8IP via @Darie_OConnor https://t.co/xVyeZK3QZL,4,0.0007330034817665384
CookGlobal,2020-01-17 17:15:06,These Scrumptious Tex-Mex Black Bean Burgers ğŸ” are a delicious treat thatâ€™s perfect for casual weekend entertaining.  So easy to make &amp; equally tasty on the stove or the #braai https://t.co/P6QLLGwNSd #vegan https://t.co/zueDC8nZwh,12,0.0021990104452996153
CookGlobal,2020-01-17 15:15:15,"This pretty, spicy Fresh Ginger Root Cake from @proportionalplt would make a divine weekend treat! https://t.co/C4r4lfYtAT via @SplendidFood https://t.co/P8FEsFhmJB",8,0.001649257833974712
CookGlobal,2020-01-17 14:33:12,Yum!! https://t.co/x64L4YO96o,6,0.0010995052226498078
CookGlobal,2020-01-17 14:26:33,Sounds like so much fun! https://t.co/wVPB4RGG3m,15,0.003298515667949423
CookGlobal,2020-01-17 14:15:02,"The weekend is here!  Itâ€™s the perfect time to whip up a quick batch of Decadently Delicious Homemade Guacamole.  Use it as a dip, a topping for tacos ğŸŒ®, or a spread for sandwiches ğŸ¥ª https://t.co/j3oFq9nuuR #vegan https://t.co/26kYuefhi3",4,0.0007330034817665384
CookGlobal,2020-01-17 13:14:02,This easy Egg Biryani Recipe from @myFoodWorks would make a delicious way to end the week on a festive note https://t.co/CuEMtLBYnV https://t.co/dzc4h4GOmf,8,0.0014660069635330766
CookGlobal,2020-01-17 11:58:14,Shiitake Mushroom and Cabbage Lo Mein https://t.co/yoec3Pa29Q on @bloglovin,0,0.0
CookGlobal,2020-01-17 11:55:02,"These easy peasy Blueberry Chia Breakfast Pudding are sweetened with dates for a quick, naughty feeling breakfast thatâ€™s actually good for you https://t.co/xFwXDPVdEL #Vegan https://t.co/mqtVNnScVi",5,0.0007330034817665384
CookGlobal,2020-01-17 11:48:32,"Over-indulged during the holidays?  Try this light Shiitake Mushroom &amp; Cabbage Lo Mein.  Uses #vegan stir fry strips for a healthy, hearty version of this Chinese take out treat.  Best of all?  Itâ€™s on the table in just 40 minutes! https://t.co/5CmeZANRtU #Veganuary #plantbased https://t.co/a1NawzwuZv",25,0.0045812717610408645
CookGlobal,2020-01-17 11:33:06,Shiitake Mushroom and Cabbage LoÂ Mein https://t.co/ANOioffrDT https://t.co/5lyAOEk62c,2,0.0003665017408832692
CookGlobal,2020-01-17 10:01:01,"Sicilian Chicken Tortellini Soup from @ADashofSanity makes an easy, hearty, delicious Friday supper! https://t.co/ROO7zAKD1J via @thanimajohn96 https://t.co/X4N6Ykxs2C",5,0.000916254352208173
CookGlobal,2020-01-17 08:02:02,"The #airfryer makes perfectly golden toasted nuts in mere minutes.  Try these deliciously Easy, Homemade, Air Fryer Masala Nuts.  The perfect last-minute nibble for sundowners https://t.co/7KbKi1afMS #vegetarian https://t.co/ne9J2Nb54D",0,0.0
CookGlobal,2020-01-17 07:23:02,"Got that Friday feeling?  Nothing says â€œitâ€™s the weekendâ€ quite like a homemade Lasagna Bolognese.  Trust my friends @piattoapp to show you how to make it like an Italian!  While youâ€™re there, sign up for their English @YouTube channel ! https://t.co/GcFktaufBb https://t.co/fD7e7teH29",10,0.0021990104452996157
CookGlobal,2020-01-17 06:04:02,"I am love, love, loving this healthy recipe from @misspickledplum !  Thanks ğŸ™ğŸ¼ to @lamaletademaggi for sharing https://t.co/BhTjou4D0W",4,0.0007330034817665384
CookGlobal,2020-01-17 05:56:01,"A delicious, cozy soup!  Thanks to @JosheFoods_UK for sharing. https://t.co/lrY6BfIvXS",9,0.0016492578339747117
CookGlobal,2020-01-17 05:54:08,This looks soooo delicious! Thanks to @JosheFoods_USA for sharing! https://t.co/EaftfqKLp0,17,0.003115264797507788
CookGlobal,2020-01-17 04:52:02,Looks absolutely scrumptious! https://t.co/kTddthpfuc,9,0.001649257833974712
CookGlobal,2020-01-17 04:50:44,Donâ€™t these look tasty? Happy Friday folks! https://t.co/MsyWrexQIN,18,0.003298515667949423
CookGlobal,2020-01-16 21:15:09,"Itâ€™s almost the weekend.  So, itâ€™s a great time to let my friend @DiscoDavid9 help you perfect a Classic Manhattan cocktail ! https://t.co/8JnPyOWIA2 https://t.co/vyRx24X7ns",3,0.0005497526113249037
CookGlobal,2020-01-16 19:15:02,"Stuffed with dried apricots and almonds, &amp; perfumed with rich Eastern spices, Creamy Baked Apples with Mughlai Flavors are an easy, prep-ahead treat that is sure to make any meal feel like a special occasion https://t.co/vPIbJftsLi #vegetarian https://t.co/XwpGgxDm2Z",12,0.0021990104452996157
CookGlobal,2020-01-16 17:15:04,"When it comes to bread ğŸ , homemade is always best.  You wonâ€™t want to miss this terrific recipe from @InsecureHW  https://t.co/xqH93Aeift https://t.co/9x1kANo2lc",6,0.0010995052226498076
indianclaypot,2020-01-23 00:38:50,"Green Apple Streusel Cake!
https://t.co/yCP46mrxy6
#foodporn #foodie #recipes #food #coffeecake #homemade #RecipeOfTheDay #recipe #dessert #yummy #delicious #tasty #getinmybelly #nomnom #eatclean #foodblog #teatime https://t.co/HUGKo25el9",14,0.0031312905390293
indianclaypot,2020-01-22 00:21:43,"Crispy and yummy Chicken 65
https://t.co/cMG5uqoZPx
#foodporn #foodie #yummy #delicious #eatclean #starter #indian #chicken65 #tasty #recipes #getinmybelly #nomnom #food #recipe #cooking #RecipeOfTheDay #food #foodblogger https://t.co/UqFUJeQPtz",18,0.004025944978751956
indianclaypot,2020-01-20 23:52:03,"Whole Wheat, Banana and Walnut Bread!
https://t.co/o95qDRiJzm
#foodporn #foodie #food #yummy #delicious #tasty #HealthyEating #baking #breakfast #getinmybelly #eatclean #nomnom #recipes #recipe #RecipeOfTheDay #food #foodbloggers https://t.co/HXVMTYuKID",10,0.002236636099306643
indianclaypot,2020-01-20 00:39:16,"Sweet Boondi - with step by step photos and a video!
https://t.co/w89tBnyxah
#foodporn #foodie #food #foodblogger #yummy #delicious #tasty #teatime #recipe #RecipeOfTheDay #getinmybelly #festival #indian #dessert #eatclean #nomnom https://t.co/JEvSAG4m1w",14,0.0031312905390293
indianclaypot,2020-01-19 01:01:08,"I wanna share some tips to make Soft Chapati for beginners with step by step photos and a video. 
https://t.co/xPGWP4nnH2
#foodporn #foodie #healthy #food #lunch #dinner #breakfast #vegetarian #vegan #foodblogger #delicious #yummy #tasty #getinmybelly #cleaneating #eatclean https://t.co/lqIU7MNbOy",12,0.0026839633191679717
indianclaypot,2020-01-18 00:44:20,"Mixed Berry Muffins!
https://t.co/q2RzmBX0A2
#foodporn #foodie #delicious #getinmybelly #yummy #healthy #recipe #dessert #recipes #nomnom #breakfast #RecipeOfTheDay #nomnom #eatclean #food #baking #tasty https://t.co/fGdMmPlOHU",19,0.004249608588682622
indianclaypot,2020-01-17 00:01:56,"Almond Carrot Kheer!
https://t.co/VAe6xtla4y
#foodporn #foodie #dessert #brainfood #healthy #delicious #vegetarian #recipes #yummy #nomnom #eatclean #getinmybelly #recipe #nomnom #RecipeOfTheDay #indian #homemade #cooking #foodlover #FoodForThought #food https://t.co/O8DqiG6igZ",16,0.003578617758890629
misspickledplum,2020-01-23 18:02:02,"Ever tried Chinese #broccoli? 
It's one of my favorite #Asian leafy #greens! 
Toss it in a simple garlic and #oystersauce glaze - and it's absolutely out of this world!
Get the Recipe ğŸ‘‰ https://t.co/Emu1Hbm7lQ https://t.co/sQvQMBdygY",16,0.0013166556945358788
misspickledplum,2020-01-23 17:03:04,"Is tonight pizza night at your place? ğŸ•
What's your favorite pie? ğŸ˜‹
This #pizza Margherita is delicious... and since the crust is made from cauliflower it's also #GlutenFree!
Get the Recipe ğŸ‘‰ https://t.co/f0dqTAKfaP https://t.co/RTa5ezo7Lq",15,0.001234364713627386
misspickledplum,2020-01-22 18:02:01,"Ever tried #Omurice - ã‚ªãƒ ãƒ©ã‚¤ã‚¹ ?
It's a Japanese omelette filled with #friedrice + topped with ketchup. 
#ComfortFood level 10!
Get the Recipe ğŸ‘‰ https://t.co/4duItcXv7u https://t.co/LRVI0L3svC",14,0.0011520737327188942
misspickledplum,2020-01-22 17:03:05,"Got 10 minutes to #cook?
This #YakiUdon Recipe is stir fried Udon #noodles with butter and #dashi powder - served with #bonitoflakes and fresh scallions ğŸœ
#readyintenminutes #feedfeed #nom #easyrecipe
Get the Recipe ğŸ‘‰ https://t.co/dJDrZ6cgw1 https://t.co/fKb3NFdXSm",6,0.0004937458854509546
misspickledplum,2020-01-21 18:02:02,"When it comes to #natto, you either love it or hate it ğŸ˜‚
Learn all about Japanese fermented #soybeans - and a few ways to enjoy this iconic food! 
#feedfeed #yuminthetum #buzzfeast #delish 
Read about it here ğŸ‘‰ https://t.co/TXHB2zZ3Cl https://t.co/nFwtIALIom",7,0.0005760368663594469
misspickledplum,2020-01-21 17:03:03,"Let's make Chinese veggie #stirfry ğŸ²ğŸ˜‹
This stir fried napa cabbage is the perfect takeout-fakeout and is ready in 15 minutes!
#feedfeed #nom #veggies #easyrecipes #betterthantakeout
Get the Recipe ğŸ‘‰ https://t.co/ALja1pvZ3I https://t.co/OCIQw706Xp",8,0.0010697827518104015
misspickledplum,2020-01-20 17:03:06,"What's your favorite use of cucumbers and tomatoes?
This creamy avocado cucumber tomato salad is my fave! ğŸ…ğŸ˜‹
Get the Recipe ğŸ‘‰ https://t.co/5hS4YRCHYI https://t.co/PCes6CR6lD",35,0.0028801843317972356
misspickledplum,2020-01-19 18:03:02,"One of the easiest stir fry #recipes EVER!
Bok Choy With Garlic and Oyster Sauce
#nom #foodporn #bokchoy #stirfry #betterthantakeout 
Get the Recipe ğŸ‘‰ https://t.co/e2PxNtbcWX https://t.co/EYBLq0kRi9",6,0.0004937458854509545
misspickledplum,2020-01-19 17:03:02,"This delicious Harissa #SweetPotato Hash Recipe is a healthy (and spicy) dish ğŸ²ğŸŒ¶ğŸ”¥ğŸ˜‹
Perfect for #brunch!
#harissa #healthy #spicy #foodporn #nom
Get the Recipe ğŸ‘‰ https://t.co/d2dkB7G54Q https://t.co/AeVUvRkPdf",13,0.0010697827518104015
misspickledplum,2020-01-18 17:03:04,"These these hot chili oil infused Sichuan #pickles are delicious! ğŸ¥’ğŸ¥¢
Bonus: making Smacked #Cucumbers With #ChiliOil is a fun way to let off some steam ğŸ’ª
#easyrecipe #nom #feedfeed #playwithyourfood #eatwithyoureyes
Get the Recipe ğŸ‘‰ https://t.co/KjIBPYhAj6 https://t.co/uNeVR7dMdF",21,0.001728110599078341
misspickledplum,2020-01-17 18:02:02,"Make this silky, savory Basic Chinese #Congee Recipe with just a few humble ingredients ğŸš
Easy to make â€“ and so satisfying! Letâ€™s hear it for comfort food! 
#easyrecipe #comfortfood #feedfeed #ricerecipes
Get the Recipe ğŸ‘‰ https://t.co/uwZ4YcHKNk https://t.co/YjnULiOH09",6,0.0004937458854509546
misspickledplum,2020-01-17 17:03:05,"Up and at 'em! â›…ï¸
Add a little zing to your morning with this spicy, cleansing and invigorating wellness tonic!
#morning #drink #f52grams #feedfeed #earlyriser #nom
Get the Recipe ğŸ‘‰ https://t.co/0kjFDKss5f https://t.co/Mb1wgY7d0n",3,0.0002468729427254773
